一,one    এক,,1,1
二,two    দুই,,2,2
三,three    তিন,,3,3
四,four    চার,,5,4
五,five    পাঁচ,,4,5
六,six    ছয়,,4,6
七,seven    সাত,,2,7
八,eight    আট,,2,8
九,nine    নয়,,2,9
十,ten    দশ,,2,10
口,mouth    মুখ,,3,11
日,day    দিন,,4,12
月,month    মাস,,4,13
田,rice field    ধানক্ষেত,,5,14
目,eye    চোখ,,5,15
古,old    পুরানো,,5,16
吾,I    আমি,,7,17
冒,risk    ঝুঁকি,👁️ Someone sticks their eye into a dangerous restricted area.,9,18
朋,companion    সঙ্গী,👥 Two friends walking side by side under the moonlight.,8,19
明,bright    উজ্জ্বল,,8,20
唱,chant    ভজন-গীত,🎤 A group opens their mouths and sings loudly in harmony.,11,21
晶,sparkle    ঝকঝকে,"💎 Three suns shining together, making everything sparkle like crystal.",12,22
品,goods    মালপত্র,,9,23
呂,spine    মেরুদণ্ড,,7,24
昌,prosperous    সমৃদ্ধ,"☀️☀️ Two suns shine on a kingdom, helping it grow rich and prosperous.",8,25
早,early    শীঘ্র,,6,26
旭,rising sun    উদীয়মান সূর্য,,6,27
世,generation    প্রজন্ম,,5,28
胃,stomach    পাকস্থলী,,9,29
旦,nightbreak    ভোর,,5,30
胆,gall bladder    পিত্তথলি,"🌅 At dawn, a brave warrior shows great “guts.”",9,31
亘,span    বিস্তৃতি,,6,32
凹,concave    অবতল,,5,33
凸,convex    উত্তল,,5,34
旧,olden times    প্রাচীনকাল,,5,35
自,oneself    নিজেকে,,6,36
白,white    সাদা,,5,37
百,hundred    শত,,6,38
中,in    মধ্যে,,4,39
千,thousand    হাজার,,3,40
舌,tongue    জিহ্বা,,6,41
升,measuring box    পরিমাপক বাক্স,,4,42
昇,rise up    জেগে ওঠো,,8,43
丸,round    বৃত্তাকার,,3,44
寸,measurement    পরিমাপ,,3,45
専,specialty    বিশেষত্ব,,9,46
博,Dr.,,12,47
占,fortune-telling    ভাগ্যগণনা,,5,48
上,above    উপরে,,3,49
下,below    নিচে,,3,50
卓,eminent    বিশিষ্ট,,8,51
朝,morning    সকাল,,12,52
只,only    শুধুমাত্র,,5,53
貝,shellfish,,7,54
貞,upright    সোজা,"upright, faithful, virtuous, constant 🔮 A wise person uses sacred shells to always choose the correct and honest path.",9,55
員,employee    কর্মী,,10,56
見,see    দেখা,,7,57
児,newborn babe    নবজাতক শিশু,,7,58
元,beginning    শুরু,,4,59
頁,page    পৃষ্ঠা,,9,60
頑,stubborn   জেদী,“A head (頁) stuck at its original point (元) = stubborn” 🧠🔒,13,61
凡,mediocre    মাঝারি,,3,62
負,defeat    পরাজয়,,9,63
万,ten thousand    দশ হাজার,,3,64
句,phrase    বাক্যাংশ,,5,65
肌,texture    জমিন,“The outer layer of your flesh = skin (肌)” 🧍,6,66
旬,decameron    ডেকামেরন,☀️ A “season window” opens where fruits are perfectly ripe and delicious.,6,67
勺,ladle    মই,🥄 A tiny spoon scooping soup.,3,68
的,bull's eye    লক্ষ্যবিন্দুর কেন্দ্রস্থল,,8,69
首,neck    ঘাড়,,9,70
乙,fish guts    মাছের নাড়িভুঁড়ি,,1,71
乱,riot    দাঙ্গা,“A tongue (舌) speaking wildly and twisting (乙) everything into chaos” 😵‍💫,7,72
直,straightaway    সরাসরি,👀 An eye (目) looking perfectly straight ahead without turning.,8,73
具,tool    সরঞ্জাম,,8,74
真,true    সত্য,,10,75
工,craft    তৈরি করা,,3,76
左,left    বাম,,5,77
右,right    ডান,,5,78
有,possess    অধিকার করা,"“If it’s in your hand, you have (有) it.”",6,79
賄,bribe    ঘুষ,“Using money 💰 to provide (have) things for others”,13,80
貢,tribute    শ্রদ্ধাঞ্জলি,“Work 🛠️ + money 💰 = giving contribution”,10,81
項,paragraph    অনুচ্ছেদ,👤 A head with multiple “sections” written on it like labels.,12,82
刀,sword    তলোয়ার,,2,83
刃,blade    ব্লেড,,3,84
切,cut    কাটা,,4,85
召,seduce    পটান,,5,86
昭,shining    উজ্জ্বল,,9,87
則,rule    নিয়ম,⚖️ A judge uses a knife-like rule to “cut” what is right and wrong.,9,88
副,vice-    ডেপুটি,“Cutting (刂) something into parts → main + secondary”,11,89
別,separate    পৃথক,✂️ A knife cuts two people apart so they become separate.,7,90
丁,street    রাস্তা,,2,91
町,village    গ্রাম,,7,92
可,can    পারা,,5,93
頂,place on the head    মাথায় রাখা,,11,94
子,child    শিশু,,3,95
孔,cavity    গহ্বর,,4,96
了,complete    সম্পূর্ণ,,2,97
女,woman    নারী,,3,98
好,fond    স্নেহান্ধ,good / like / favorable / to like (something) 👍 “A woman holding a child = something pleasant and likable ❤️”,6,99
如,likeness    অনুরূপ,like / as / similar to A woman speaking (口) → expressing how something is like something else,6,100
母,mama    মা,,5,101
貫,pierce    ছিদ্র,"🐚 Many shells are lined up, and a string is pushed through all of them.",11,102
兄,elder brother    বড় ভাই,,5,103
克,overcome    অতিক্রম করা,,7,104
小,little    সামান্য,,3,105
少,few    কম,,4,106
大,large    বড়,,3,107
多,many    অনেক,,6,108
夕,evening    সন্ধ্যা,,3,109
汐,eventide    সন্ধ্যাবেলা,,6,110
外,outside    বাইরে,"“In the evening (夕), you look at signs (卜) outside”",5,111
名,name    নাম,,6,112
石,stone    পাথর,“A rock sitting under a cliff → stone”,5,113
肖,resemblance    সাদৃশ্য,“A small part of the body looks like something → resemblance”,7,114
硝,nitrate    নাইট্রেট,“A stone (石) substance that forms crystals → nitrate / chemical”,12,115
砕,smash    চূর্ণ,“A stone (石) being completely finished (卒) → crushed into pieces”,9,116
砂,sand    বালু,,9,117
削,plane    সমতল,“Using a knife (刂) to remove small parts → shaving/scraping”,9,118
光,ray    রশ্মি,,6,119
太,plump    মোটা,“Big (大) plus extra → extra big → thick/fat”,4,120
器,utensil    পাত্র,container / vessel / tool “Many openings (口) forming a big container → vessel/tool”,15,121
臭,stinking    দুর্গন্ধযুক্ত,🐕 A dog’s nose catches a very strong bad smell.,9,122
妙,exquisite    সূক্ষ্ম,"👩 A quiet, delicate woman doing something so subtle that it feels mysterious.",7,123
省,focus    মনোনিবেশ করা,👁️ You use your eye to carefully check your life and remove unnecessary things.,9,124
厚,thick    পুরু,"thick, deep, kind, hearty 🪨 Under a cliff, many thick layers protect a child.",9,125
奇,strange    অদ্ভুত,👀 A huge object appears that shouldn’t exist in normal reality.,8,126
川,stream    প্রবাহ,,3,127
州,state    রাষ্ট্র,"state, province, region, sandbank/island 🌊 A river flowing around small islands.",6,128
順,obey    মান্য করা,🌊 A person follows the river flow in the correct direction.,12,129
水,water    পানি,,4,130
氷,icicle    বরফের দণ্ড,💧 Water is left outside in winter… it freezes into solid ice ❄️,5,131
永,eternity    চিরকাল,🌊 A river that never stops flowing… it continues forever.,5,132
泉,spring    ঝর্ণা,"spring, fountain, natural water source 🏔️ From a mountain, pure white-clear water gushes out as a natural spring.",9,133
原,meadow    তৃণভূমি,"origin, original, plain, field, cause 🪨💧 Water is coming out from the base of a cliff — the starting point of a river.",10,134
願,petition    আবেদন,"wish, request, desire, pray 👤 A person bows their head and sincerely expresses a deep wish from the heart.",19,135
泳,swim    সাঁতার কাটা,🏊 A person moves forever through water without stopping.,8,136
沼,marsh    জলাভূমি,"swamp, marsh, bog 🌫️ A mysterious swamp “calls” people closer… then they get stuck in the mud.",8,137
沖,open sea    উন্মুক্ত সমুদ্র,"open sea, offshore, out in the ocean 🚢 A ship travels far into the middle of the ocean.",7,138
江,creek    খাঁড়ি,"inlet, bay, river 🌊 Workers build channels to guide a big river.",6,139
汁,soup    স্যুপ,"soup, juice, liquid 🍲 Water mixed with many ingredients makes delicious soup.",5,140
潮,tide    জোয়ার,"🌅 Every morning, the ocean tide rises and falls again.",15,141
源,source    উৎস,"source, origin, fountainhead 🏔️ A river begins from a hidden mountain spring.",13,142
活,lively    প্রাণবন্ত,"💧 A tongue speaks, and suddenly life energy flows into something dead, making it active again.",9,143
消,extinguish    নিভিয়ে ফেলা,"disappear, erase, extinguish 🔥 You pour water 💧 on fire, and the fire disappears completely.",10,144
況,but of course    কিন্তু অবশ্যই,"situation, condition, moreover, still more 💧 Water flows differently depending on conditions, and you compare situations like “if this is hard, how much more that!”",8,145
河,river    নদী,🌊 A huge river that always “flows correctly” through land and cities.,8,146
泊,overnight    রাতারাতি,"⚓ A boat stops in a calm harbor at night, under a white moon.",8,147
湖,lake    লেক,"🏞️ Water collects in a quiet valley surrounded by mountains, forming a calm lake.",12,148
測,fathom    ধারণা,,12,149
土,soil    মাটি,,3,150
吐,spit    থুতু,,6,151
圧,pressure    চাপ,,5,152
埼,cape    প্রচার,"cape, promontory, land jutting into water 🌊 A strange piece of land juts out into the ocean like a finger.",11,153
垣,hedge    বেড়া,"fence, wall, hedge 🧱 A low earth wall is built around a garden to protect it.",9,154
圭,squared jewel     বর্গাকার রত্ন,"jade tablet, purity, precious symbol (ancient) 💎 Two perfectly carved pieces of earth stacked into a sacred jade ornament.",6,155
封,seal    বন্ধ,"seal, close, enclose ✋ Someone presses a seal onto an envelope to close it officially.",9,156
涯,horizon    দিগন্ত,,11,157
寺,Buddhist temple    বৌদ্ধ মন্দির,,6,158
時,time    সময়,,10,159
均,level    স্তর,"equal, even, uniform, average 👷 A worker carefully spreads soil so the ground becomes perfectly flat and even.",7,160
火,fire    আগুন,,4,161
炎,inflammation    প্রদাহ,,8,162
煩,anxiety    উদ্বেগ,,13,163
淡,thin    পাতলা,💧 Water is poured over a strong fire 🔥 until only a faint soft glow remains.,11,164
灯,lamp    বাতি,,6,165
畑,farm    খামার,"farm field, crop field 🔥 Farmers burn old grass to prepare a field for growing vegetables.",9,166
災,disaster    দুর্যোগ,"🌊 A flood spreads everywhere, then fire breaks out afterward.",7,167
灰,ashes    ছাই,,6,168
点,spot    বিন্দু,"point, dot, mark, score 🔥 A tiny burning spark leaves a small mark on paper.",9,169
照,illuminate    আলোকিত করা,,13,170
魚,fish    মাছ,,11,171
漁,fishing    মাছ ধরা,,14,172
里,ri    গ্রাম,"village, hometown, countryside 🌾 Farmers build homes around rice fields in the countryside.",7,173
黒,black    কালো,,11,174
墨,black ink    কালো কালি,🖌️ Black soot falls onto the earth and is turned into beautiful calligraphy ink.,14,175
鯉,carp    কার্প মাছ,"carp, koi fish 🏡 A beautiful fish swims peacefully through village ponds and rice fields.",18,176
量,quantity    পরিমাণ,"quantity, amount, measure 📏 Farmers in a village measure how much rice they harvested.",12,177
厘,rin    ক্ষুদ্র একক,"tiny unit, one-thousandth, small amount 📏 Officials divide land into smaller and smaller pieces until only tiny units remain.",9,178
埋,bury    কবর দেওয়া,,10,179
同,same    একই,,6,180
洞,den    গুহা,"cave, cavern, hollow 🌊 Water disappears into a dark cave in the mountain.",9,181
胴,trunk    ধড়,"torso, trunk, body center 👤 The head and limbs connect to one thick central body section.",10,182
向,yonder    দিকনির্দেশনা,"direction, face toward, turn toward 🚪 A window opens toward the sunlight, always facing one direction.",6,183
尚,esteem    এখনও,"esteem, value highly, furthermore, still 👀 Someone continues looking upward with admiration and respect.",8,184
字,character    অক্ষর,,6,185
守,guard    প্রহরী,,6,186
完,perfect    নিখুঁত,,7,187
宣,proclaim    ঘোষণা,,9,188
宵,wee hours    বিকাল ঘন্টা,"evening, early night 🌆 People return home under the roof as daylight slowly fades into night.",10,189
安,relax    আরাম করা,,6,190
宴,banquet    ভোজ,,10,191
寄,draw near    নিকটস্থ হত্তয়া,"approach, stop by, gather, contribute 👣 You stop by someone’s house because something unusual caught your attention.",11,192
富,wealth    সম্পদ,,12,193
貯,savings    সঞ্চয়,,12,194
木,tree    গাছ,,4,195
林,grove    কাঠ,"woods, grove, small forest",8,196
森,forest    বন,,12,197
桂,Japanese Judas-tree    জাপানি জুডাস-গাছ,,10,198
柏,oak    ওক কাঠ,,9,199
枠,frame    ফ্রেম,,8,200
梢,treetops    গাছের টপ,,11,201
棚,shelf    তাক,,12,202
杏,apricot    (গাছ),,7,203
桐,paulownia    (গাছ),,10,204
植,plant    উদ্ভিদ,,12,205
枯,wither    শুকিয়ে যাওয়া,,9,206
朴,crude    অশোধিত,,6,207
村,town    শহর,,7,208
相,inter-    আন্তঃ-,,9,209
机,desk    ডেস্ক,,6,210
本,book    বই,,5,211
札,tag    ট্যাগ,,5,212
暦,calendar    ক্যালেন্ডার,,14,213
案,plan    পরিকল্পনা,,10,214
燥,parch    শুকানো,,17,215
未,not yet    এখনো না,,5,216
末,extremity    চরম,,5,217
沫,splash    স্প্ল্যাশ,,8,218
味,flavor    স্বাদ,,8,219
妹,younger sister    ছোট বোন,,8,220
朱,vermilion    সিঁদুর,"vermilion, bright red",6,221
株,stocks    স্টক,"stock, share, stump, plant stock",10,222
若,young    তরুণ,,8,223
草,grass    ঘাস,,9,224
苦,suffering    কষ্ট,,8,225
寛,tolerant    সহনশীল,,13,226
薄,dilute    পাতলা করা,,16,227
葉,leaf    পাতা,,12,228
模,imitation    অনুকরণ,,14,229
漠,vague    অস্পষ্ট,,13,230
墓,grave    গোরস্থান,,13,231
暮,livelihood    জীবিকা,,14,232
膜,membrane    ঝিল্লি,,14,233
苗,seedling    চারা,,8,234
兆,portent    লক্ষণ,,6,235
桃,peach tree    পীচ গাছ,,10,236
眺,stare    স্থির দৃষ্টি,,11,237
犬,dog    কুকুর,,4,238
状,status quo    স্থিতাবস্থা,"condition, state, form, situation",7,239
黙,silence    নীরবতা,,15,240
然,sort of thing    জিনিস সাজানোর,"so, thus, natural, in that way",12,241
荻,reed    খাগড়া,,10,242
狩,hunt    শিকার,,9,243
猫,cat    বিড়াল,,11,244
牛,cow    গরু,,4,245
特,special    বিশেষ,,10,246
告,revelation    উন্মোচন,,7,247
先,before    আগে,,6,248
洗,wash    ধোয়া,,9,249
介,jammed in    মধ্যবর্তী,"mediate, intervene, introduce, shell/armor",4,250
界,world    বিশ্ব,,9,251
茶,tea    চা,,9,252
合,fit    উপযুক্ত,"fit, match, combine, join",6,253
塔,pagoda    প্যাগোডা,,12,254
王,king    রাজা,,4,255
玉,jewel    রত্ন,"jewel, gem, ball",5,256
宝,treasure    সম্পদ,,8,257
珠,pearl    মুক্তা,,10,258
現,present    বর্তমান,,11,259
狂,lunatic    উন্মাদ,,7,260
皇,emperor    সম্রাট,,9,261
呈,display    প্রদর্শন,,7,262
全,whole    সব,"whole, all, complete, entire",6,263
栓,plug    প্লাগ,"plug, stopper, cork",10,264
理,logic    যুক্তি,,11,265
主,lord    প্রধান,"master, owner, main, chief",5,266
注,pour    ঢালা,"pour, concentrate on, note",8,267
柱,pillar    স্তম্ভ,,9,268
金,gold    সোনা,,8,269
銑,pig iron    পিগ আয়রন,"pig iron, cast iron, iron refining",14,270
鉢,bowl    বাটি,,13,271
銅,copper    তামা,,14,272
釣,angling    মাছ ধরা,"fishing, to fish, to lure",11,273
針,needle    সুঁই,,10,274
銘,inscription    লিপি,,14,275
鎮,tranquillize    শান্ত করা,,18,276
道,road-way    সড়কপথ,,12,277
導,guidance    নির্দেশনা,,15,278
辻,crossing    পারাপার,,5,279
迅,swift    দ্রুত,"swift, rapid, fast",6,280
造,create    তৈরি করা,,10,281
迫,urge    জোরালো তাগিদ দেওয়া,"press, urge, close in, imminent",8,282
逃,escape    পালানো,,9,283
辺,environs    আশেপাশের এলাকা,,5,284
巡,patrol    টহল,,6,285
車,car    গাড়ি,,7,286
連,take along    সাথে নেওয়া,,10,287
軌,rut    পথ,"track, rut, course, orbit",9,288
輸,transport    পরিবহন,,16,289
前,in front    সামনে,,9,290
各,each    প্রতিটি,,6,291
格,status    status,,10,292
略,abbreviation    সংক্ষিপ্ত রূপ,,11,293
客,guest    অতিথি,,9,294
額,forehead    কপাল,,18,295
夏,summer    গ্রীষ্মকাল,,10,296
処,dispose    ব্যবস্থা করা,,5,297
条,twig    ছোট ডাল,,7,298
落,fall    পতন,,12,299
冗,superfluous    অতিরিক্ত,,4,300
軍,army    সেনাবাহিনী,,9,301
輝,radiance    দীপ্তি,"shine, sparkle, glow",15,302
運,carry    বহন করা,,12,303
冠,crown    মুকুট,,9,304
夢,dream    স্বপ্ন,,13,305
坑,pit    গর্ত,,7,306
高,tall    লম্বা,,10,307
享,receive    গ্রহণ করা,,8,308
塾,cram school    পরীক্ষার প্রস্তুতির বিশেষ কোচিং স্কুল,"cram school, private tutoring school",14,309
熟,mellow    মৃদু ও মনোরম,,15,310
亭,pavilion    প্যাভিলিয়ন,"pavilion, inn, restaurant building (formal/old style)",9,311
京,capital    রাজধানী,,8,312
涼,refreshing    সতেজকারী,,11,313
景,scenery    দৃশ্যপট,,12,314
鯨,whale    তিমি,,19,315
舎,cottage    কুটির,,8,316
周,circumference    পরিধি,,8,317
週,week    সপ্তাহ,,11,318
士,gentleman    ভদ্রলোক,,3,319
吉,good luck    শুভকামনা,,6,320
壮,robust    জোরালো,,6,321
荘,villa    ভিলা,,9,322
売,sell    বিক্রি করা,,7,323
学,study    অধ্যয়ন,,8,324
覚,memorize    মুখস্থ করা,,12,325
栄,flourish    সমৃদ্ধি লাভ করা,,9,326
書,write    লিখুন,,10,327
津,haven    আশ্রয়স্থল,,9,328
牧,breed    প্রজাতি,,8,329
攻,aggression    আগ্রাসন,,7,330
敗,failure    ব্যর্থতা,,11,331
枚,sheet of    শিট,,8,332
故,happenstance    আকস্মিক ঘটনা,,9,333
敬,awe    বিস্ময়,,12,334
言,say    বলা,,7,335
警,admonish    সতর্ক করা,,19,336
計,plot    কাহিনি-বিন্যাস,,9,337
獄,prison    কারাগার,,14,338
訂,revise    সংশোধন করা,,9,339
討,chastise    তিরস্কার করা,,10,340
訓,instruction    নির্দেশনা,,10,341
詔,imperial edict    সম্রাটের আদেশ,,12,342
詰,packed    ঠাসাঠাসি পূর্ণ,,13,343
話,tale    কাহিনী,,13,344
詠,recitation    আবৃত্তি,,12,345
詩,poem    কবিতা,,13,346
語,word    শব্দ,,14,347
読,read    পড়া,,14,348
調,tune    সুর,,15,349
談,discuss    আলোচনা করুন,,15,350
諾,consent    সম্মতি,,15,351
諭,rebuke    তিরস্কার,,16,352
式,style    শৈলী,,6,353
試,test    পরীক্ষা,,13,354
弐,II (two)    দুই,,6,355
域,range    পরিসর,,11,356
賊,burglar    চোর,,13,357
栽,plantation    বাগান,,10,358
載,load    লোড,,13,359
茂,overgrown    অতিরিক্ত বেড়ে ওঠা,,8,360
成,turn into    পরিণত হওয়া,,6,361
城,castle    দুর্গ,,9,362
誠,sincerity    আন্তরিকতা,,13,363
威,intimidate    ভয় দেখানো,,9,364
滅,destroy    ধ্বংস করা,,13,365
減,dwindle    ক্রমান্বয়ে কমে যাওয়া,,12,366
桟,scaffold    মঞ্চ,"beam, scaffold, plank bridge",10,367
銭,coin    মুদ্রা,,14,368
浅,shallow    অগভীর,,9,369
止,stop    থামুন,,4,370
歩,walk    হাঁটা,,8,371
渉,ford    হাঁটুজল,"cross (river), go through, negotiate",11,372
頻,repeatedly    বারবার,,17,373
肯,agreement    চুক্তি,,8,374
企,undertake    দায়িত্ব গ্রহণ করা,,6,375
歴,curriculum    পাঠ্যক্রম,,14,376
武,warrior    যোদ্ধা,,8,377
賦,levy    ধার্য করা,,15,378
正,correct    সঠিক,,5,379
証,evidence    প্রমাণ,,12,380
政,politics    রাজনীতি,,9,381
定,determine    নির্ধারণ করা,,8,382
錠,lock    তালা,,16,383
走,run    দৌড়ানো,,7,384
超,transcend    অতিক্রম করা,,12,385
赴,proceed    এগিয়ে যান,,9,386
越,surpass    অতিক্রম করা,,12,387
是,just so    ঠিক তাই,,9,388
題,topic    বিষয়,,18,389
堤,dike    বাঁধ,,12,390
建,build    নির্মাণ করা,,9,391
延,prolong    নির্মাণ করা,,8,392
誕,nativity    জন্ম,"birth, be born",15,393
礎,cornerstone    ভিত্তিপ্রস্তর,,18,394
婿,bridegroom    বর,,12,395
衣,garment    পোশাক,,6,396
裁,tailor    দর্জি,,12,397
装,attire    পোশাক-পরিচ্ছদ,,12,398
裏,back    পিছন,,13,399
壊,demolition    ধ্বংসসাধন,,16,400
哀,pathetic    শোচনীয়,,9,401
遠,distant    দূরবর্তী,,13,402
猿,monkey    বানর,,13,403
初,first time    প্রথমবার,,7,404
布,linen    লিনেন,"cloth, fabric, to spread",5,405
帆,sail    পাল,,6,406
幅,hanging scroll    ঝুলন্ত চিত্রপট,,12,407
帽,cap    টুপি,,12,408
幕,curtain    পর্দা,,13,409
幌,canopy    ছাউনি,,13,410
錦,brocade    ব্রোকেড,"brocade, richly patterned silk",16,411
市,market    বাজার,,5,412
姉,elder sister    elder sister,,8,413
肺,lungs    ফুসফুস,,9,414
帯,sash    কোমরবন্ধনী,,10,415
滞,stagnate    স্থবির হয়ে পড়া,"stagnate, delay, congestion",13,416
刺,thorn    কাঁটা,,8,417
制,system    পদ্ধতি,,8,418
製,made in...    প্রস্তুতকারক,,14,419
転,revolve    ঘোরা,,11,420
芸,technique    কৌশল,,7,421
雨,rain    বৃষ্টি,,8,422
雲,cloud    মেঘ,,12,423
曇,cloudy weather    মেঘলা আবহাওয়া,,16,424
雷,thunder    বজ্রধ্বনি,,13,425
霜,frost    তুষার,,17,426
冬,winter    শীতকাল,,5,427
天,heavens    স্বর্গ,,4,428
橋,bridge    সেতু,,16,429
嬌,attractive    আকর্ষণীয়,,15,430
立,stand up    দাঁড়ান,,5,431
泣,cry    কান্না করা,,8,432
章,badge    ব্যাজ,"chapter, section, badge, composition",11,433
競,vie    প্রতিযোগিতা করা,,20,434
帝,sovereign    সার্বভৌম,,9,435
童,juvenile    কিশোর,,12,436
瞳,pupil    pupil,,17,437
鐘,bell    ঘণ্টা,,20,438
商,make a deal    make a deal,,11,439
嫡,legitimate wife    বৈধ স্ত্রী,,14,440
適,suitable    উপযুক্ত,,14,441
滴,drip    ফোঁটা,,14,442
敵,enemy    শত্রু,,15,443
匕,spoon    চামচ,,2,444
北,north    উত্তর,,5,445
背,stature    মর্যাদা,,9,446
比,compare    তুলনা করা,,4,447
昆,descendants    উত্তরসূরিরা,,8,448
皆,all    সব,,9,449
混,mix    মিশ্রণ,,11,450
渇,thirst    পিপাসা,,11,451
謁,audience    দর্শক,,15,452
褐,brown    বাদামী,,13,453
喝,hoarse    কর্কশ,"shout, yell, scold, drink down",11,454
旨,delicious    সুস্বাদু,,6,455
脂,fat    চর্বি,,10,456
壱,I (one),,7,457
毎,every    প্রতিটি,,6,458
敏,cleverness    চতুরতা,,10,459
梅,plum    আলুবোখারা,,10,460
海,sea    সমুদ্র,,9,461
乞,beg    ভিক্ষা করা,,3,462
乾,drought    খরা,,11,463
腹,abdomen    পেট,,13,464
複,duplicate    অনুলিপি,,14,465
欠,lack    অভাব,,4,466
吹,blow    ফুঁ দেওয়া,,7,467
炊,cook    cook,,8,468
歌,song    গান,,14,469
軟,soft    নরম,,11,470
次,next    পরবর্তী,,6,471
茨,briar    কাঁটাঝোপ,,9,472
資,assets    সম্পদ,,13,473
姿,figure    চিত্র,,9,474
諮,consult with    পরামর্শ,,16,475
賠,compensation    ক্ষতিপূরণ,,15,476
培,cultivate    চাষ করা,,11,477
剖,divide    ভাগ করা,,10,478
音,sound    শব্দ,,9,479
暗,darkness    অন্ধকার,,13,480
韻,rhyme    ছড়া,,19,481
識,discriminating    বিচক্ষণ,,19,482
鏡,mirror    আয়না,,19,483
境,boundary    সীমানা,,14,484
亡,deceased    মৃত,,3,485
盲,blind    অন্ধ,,8,486
妄,delusion    বিভ্রম,,6,487
荒,laid waste    বিধ্বস্ত করা,"rough, wild, desolate, become stormy",9,488
望,ambition    উচ্চাকাঙ্ক্ষা,,11,489
方,direction    দিক,,4,490
妨,disturb    বিঘ্ন ঘটানো,,7,491
坊,boy    ছেলে,,7,492
芳,perfumed    সুগন্ধযুক্ত,,7,493
肪,obese    স্থূল,,8,494
訪,call on    কল,"visit, call on, inquire",11,495
放,set free    মুক্ত করা,,8,496
激,violent    সহিংস,,16,497
脱,undress    পোশাক খোলা,,11,498
説,rumor    গুজব,,14,499
鋭,pointed    সুচালো,,15,500
曽,formerly    পূর্বে,,11,501
増,increase    বৃদ্ধি,,14,502
贈,presents    উপস্থাপনা,,18,503
東,east    পূর্ব,,8,504
棟,ridgepole    চালার কড়ি,,12,505
凍,frozen    হিমায়িত,,10,506
妊,pregnancy    গর্ভাবস্থা,,7,507
廷,courts    আদালতসমূহ,,7,508
染,dye    রং,,9,509
燃,burn    পোড়া,,16,510
賓,V.I.P.    ভি.আই.পি.,,15,511
歳,year-end    বছর-শেষে,,13,512
県,prefecture    প্রিফেকচার,,9,513
栃,horse chestnut    হর্স চেস্টনাট,,9,514
地,ground    মাটি,,6,515
池,pond    পুকুর,,6,516
虫,insect    কীটপতঙ্গ,,6,517
蛍,lightning bug    জোনাকি,,11,518
蛇,snake    সাপ,,11,519
虹,rainbow    রামধনু,,9,520
蝶,butterfly    প্রজাপতি,,15,521
独,single    অবিবাহিত,,9,522
蚕,silkworm    রেশমপোকা,,10,523
風,wind    বাতাস,,9,524
己,self    self,,3,525
起,rouse    জাগিয়ে তোলা,,10,526
妃,queen    রানি,,6,527
改,reformation    সংস্কার,,7,528
記,scribe     লিপিকার,,10,529
包,wrap    মোড়ানো,,5,530
胞,placenta    নাড়ি,,9,531
砲,cannon    কামান,,10,532
泡,bubble    বুদবুদ,,8,533
亀,tortoise    কচ্ছপ,,11,534
電,electricity    বিদ্যুৎ,,13,535
竜,dragon    ড্রাগন,,10,536
滝,waterfall    জলপ্রপাত,,13,537
豚,pork    শূকরের মাংস,,11,538
逐,pursue    অনুসরণ করা,,10,539
遂,consummate    পরিপূর্ণ,,12,540
家,house    বাড়ি,,10,541
嫁,marry into    বিবাহসূত্রে কোনো পরিবার বা গোষ্ঠীর অন্তর্ভুক্ত হওয়া,,13,542
豪,overpowering    অপ্রতিরোধ্য,,14,543
腸,intestines    অন্ত্র,,13,544
場,location    অবস্থান,,12,545
湯,hot water    গরম পানি,,12,546
羊,sheep    ভেড়া,,6,547
美,beauty    সৌন্দর্য,,9,548
洋,ocean    মহাসাগর,,9,549
詳,detailed    বিস্তারিত,,13,550
鮮,fresh    তাজা,,17,551
達,accomplished    দক্ষ,,12,552
羨,envious    ঈর্ষান্বিত,,13,553
差,distinction    পার্থক্য,,10,554
着,don    আগমন,"wear, arrive, put on",12,555
唯,solely    শুধুমাত্র,,11,556
焦,char    পোড়ানো,,12,557
礁,reef    প্রবাল প্রাচীর,,17,558
集,gather    জমা,,12,559
准,quasi-    আধা,"quasi-, associate, semi-, approve, standard",10,560
進,advance    অগ্রগতি,,11,561
雑,miscellaneous    বিবিধ,,14,562
雌,feminine    নারীসুলভ,,14,563
準,semi-    আধা,"standard, level, preparation, conform to",13,564
奮,stirred up    আলোড়িত,,16,565
奪,rob    ডাকাতি করা,,14,566
確,assurance    নিশ্চয়তা,,15,567
午,noon    দুপুর,,4,568
許,permit    অনুমতি দেওয়া,,11,569
歓,delight    আনন্দ,,15,570
権,authority    কর্তৃত্ব,,15,571
観,outlook    দৃষ্টিভঙ্গি,,18,572
羽,feathers,,6,573
習,learn    শেখা,,11,574
翌,the following    পরদিন,"next, following (especially the next day)",11,575
曜,weekday    কর্মদিবস,,18,576
濯,laundry    লন্ড্রি,,17,577
曰,sayeth    বলেন,,4,578
困,quandary    সমস্যা,"trouble, difficulty, be困困困 (be troubled)",7,579
固,harden    শক্ত করা,,8,580
国,country    দেশ,,8,581
団,group    দল,,6,582
因,cause    কারণ,,6,583
姻,matrimony    বিবাহ,,9,584
園,park    পার্ক,,13,585
回,-times    বার (রিপিট),,6,586
壇,podium    মঞ্চ,,16,587
店,store    দোকান,,8,588
庫,warehouse    গুদাম,,10,589
庭,courtyard    উঠান,,10,590
庁,government office    সরকারি কার্যালয়,,5,591
床,bed    বিছানা,,7,592
麻,hemp    গাঁজা,,11,593
磨,grind    ঘষা,,16,594
心,heart    হৃদয়,,4,595
忘,forget    ভুলে যাওয়া,,7,596
忍,endure    সহ্য করা,,7,597
認,acknowledge    স্বীকার করা,,14,598
忌,mourning    শোক,,7,599
志,intention    উদ্দেশ্য,,7,600
誌,document    নথি,,14,601
忠,loyalty    আনুগত্য,,8,602
串,shish kebab    শিক কাবাব,"skewer, spit",7,603
患,"afflicted    কবলিত, আক্রান্ত, পীড়িত",,11,604
思,think    ভাবা,,9,605
恩,grace    অনুগ্রহ,,10,606
応,apply    প্রয়োগ করা,,7,607
意,idea    ধারণা,,13,608
想,concept    ধারণা,,13,609
息,breath    শ্বাস,,10,610
憩,recess    বিরতি,,16,611
恵,favor    অনুগ্রহ,,10,612
恐,fear    ভয়,,10,613
惑,beguile    প্রতারণা করা,,12,614
感,emotion    আবেগ,,13,615
憂,melancholy    বিষাদ,,15,616
寡,widow    বিধবা,,14,617
忙,busy    ব্যস্ত,,6,618
悦,ecstasy    পরম আনন্দ,,10,619
恒,constancy    স্থিরতা,,9,620
悼,lament    বিলাপ করা,,11,621
悟,enlightenment    জ্ঞানালোক,,10,622
怖,dreadful    ভয়ংকর,,8,623
慌,disconcerted    বিচলিত,,12,624
悔,repent    অনুশোচনা করা,,9,625
憎,hate    ঘৃণা,,14,626
慣,accustomed    অভ্যস্ত,,14,627
愉,pleasure    আনন্দ,,12,628
惰,lazy    অলস,,12,629
慎,humility    বিনয়,,13,630
憾,remorse    অনুশোচনা,,16,631
憶,recollection    স্মৃতি,,16,632
慕,pining    ব্যাকুল আকাঙ্ক্ষা,,14,633
添,annexed    অন্তর্ভূত করা,,11,634
必,invariably    সর্বদাই,,5,635
泌,ooze    নিঃসরণ হওয়া,,8,636
手,hand    হাত,,4,637
看,watch over    তদারকি করা,,9,638
摩,chafe    ঘষা লেগে ছিলে যাওয়া,"rub, chafe, massage, friction",15,639
我,ego    অহং,,7,640
義,righteousness    ধার্মিকতা,,13,641
議,deliberation    সুচিন্তিত আলোচনা,,20,642
犠,sacrifice    ত্যাগ,,17,643
抹,rub    ঘষা,,8,644
抱,embrace    আলিঙ্গন করা,,8,645
搭,board    বোর্ড,,12,646
抄,extract    নিষ্কাশন করা,,7,647
抗,confront    মুখোমুখি হওয়া,,7,648
批,criticism    সমালোচনা,,7,649
招,beckon    ইঙ্গিত দিয়ে ডাকা,,8,650
拓,clear the land    জমি পরিষ্কার করা,,8,651
拍,clap    হাততালি দেওয়া,,8,652
打,strike    ধর্মঘট,,5,653
拘,arrest    গ্রেফতার,,8,654
捨,discard    ফেলে দেওয়া,,11,655
拐,kidnap    অপহরণ,,8,656
摘,pinch    চিমটি,,14,657
挑,challenge    চ্যালেঞ্জ,,9,658
指,finger    আঙুল,,9,659
持,hold    ধরে রাখা,,9,660
括,fasten    আটকে দেওয়া,,9,661
揮,brandish    উঁচিয়ে ধরা,,12,662
推,conjecture    অনুমান,,11,663
揚,hoist    উত্তোলন করা,,12,664
提,propose    প্রস্তাব করা,,12,665
損,damage    ক্ষতি,,13,666
拾,pick up    তুলে নেওয়া,,9,667
担,shouldering    কাঁধে তুলে নেওয়া,,8,668
拠,foothold    প্রতিষ্ঠা,,8,669
描,sketch    স্কেচ,,11,670
操,maneuver    কৌশলপূর্ণ চাল,,16,671
接,touch    স্পর্শ,,11,672
掲,put up a notice    একটি বিজ্ঞপ্তি টাঙিয়ে দিন,,11,673
掛,hang    ঝোলানো,,11,674
研,polish    পালিশ করা,,9,675
戒,commandment    আদেশ,,7,676
械,contraption    অদ্ভুত যন্ত্র,,11,677
鼻,nose    নাক,,14,678
刑,punish    শাস্তি দেওয়া,,6,679
型,mould    ছাঁচ,,9,680
才,genius    প্রতিভাবান,,3,681
財,property    সম্পত্তি,,10,682
材,lumber    কাঠ,,7,683
存,suppose    ধরা যাক,,6,684
在,exist    বিদ্যমান থাকা,,6,685
乃,from    থেকে,,2,686
携,portable    বহনযোগ্য,,13,687
及,reach out    যোগাযোগ করা,,3,688
吸,suck    বাজে হওয়া,,6,689
扱,handle    সামলানো,,6,690
丈,length    দৈর্ঘ্য,,3,691
史,history    ইতিহাস,,5,692
吏,officer    কর্মকর্তা,,6,693
更,grow late    অনেক রাত হওয়া,,7,694
硬,stiff    শক্ত,,12,695
又,or again    অথবা আবার,,2,696
双,pair    জোড়া,,4,697
桑,mulberry    তুঁত,,10,698
隻,vessels    জাহাজ,,10,699
護,safeguard    সুরক্ষা,,20,700
獲,seize    বাজেয়াপ্ত করা,,16,701
奴,guy    লোক,,5,702
怒,angry    রাগান্বিত,,9,703
友,friend    বন্ধু,,4,704
抜,slip out    পিছলে বেরিয়ে যাওয়া,,7,705
投,throw    নিক্ষেপ,,7,706
没,drown    ডুবে যাওয়া,,7,707
設,establishment    প্রতিষ্ঠা,,11,708
撃,beat    হারানো,,15,709
殻,husk    খোসা,,11,710
支,branch    শাখা,,4,711
技,skill    দক্ষতা,,7,712
枝,bough    গাছের বড় ডাল,,8,713
肢,limb    অঙ্গ,,8,714
茎,stalk    পিছু নেওয়া,,8,715
怪,suspicious    সন্দেহজনক,,8,716
軽,lightly    হালকাভাবে,,12,717
叔,uncle    চাচা,,8,718
督,coach    পরিচালক,,13,719
寂,loneliness    একাকীত্ব,,11,720
淑,graceful    সুশ্রী,,11,721
反,anti-    বিরোধী,,4,722
坂,slope    ঢাল,,7,723
板,plank    তক্তা,,8,724
返,return    ফেরত,,7,725
販,marketing    বিপণন,,11,726
爪,claw    নখ,,4,727
妥,gentle    ভদ্র,,7,728
乳,milk    দুধ,,8,729
浮,floating    ভাসমান,,10,730
将,leader    নেতা,,10,731
奨,exhort    উপদেশ,,13,732
採,pick    বাছাই করা,,11,733
菜,vegetable    শাকসবজি,,11,734
受,accept    গ্রহণ করা,,8,735
授,impart    প্রদান করা,,11,736
愛,love    ভালোবাসা,,13,737
払,pay    পরিশোধ করা,,5,738
広,wide    প্রশস্ত,,5,739
拡,broaden    প্রসারিত করা,,8,740
鉱,mineral    খনিজ,,13,741
弁,valve    ভালভ,,5,742
雄,masculine    পুরুষ প্রকৃতি,,12,743
台,pedestal    স্তম্ভমূল,,5,744
怠,neglect    অবহেলা,,9,745
治,reign    রাজত্ব,,8,746
始,commence    শুরু করা,,8,747
胎,womb    গর্ভ,,9,748
窓,window    জানালা,,11,749
去,gone    চলে গেছে,,5,750
法,method    পদ্ধতি,,8,751
会,meeting    মিটিং,,6,752
至,climax    চরমসীমা,,6,753
室,room    room,,9,754
到,arrival    আগমন,,8,755
致,doth    করে,,10,756
互,mutually    পারস্পরিকভাবে,,4,757
棄,abandon    পরিত্যাগ করা,,13,758
育,bring up    শিক্ষিত করা,,8,759
撤,remove    অপসারণ করা,,15,760
充,allot    বরাদ্দ করা,,6,761
銃,gun    বন্দুক,,14,762
硫,sulfur    সালফার,,12,763
流,current    বর্তমান,,10,764
允,license    লাইসেন্স,,4,765
唆,tempt    প্রলুব্ধ করা,,10,766
出,exit    প্রস্থান,,5,767
山,mountain    পর্বত,,3,768
拙,bungling    অদক্ষতা ও বিশৃঙ্খলাপূর্ণ আচরণ,,8,769
岩,boulder    বিশাল পাথর,,8,770
炭,charcoal    কাঠকয়লা,,9,771
岐,branch off    শাখায় বিভক্ত করা,,7,772
峠,mountain peak    পর্বতশৃঙ্গ,,9,773
崩,crumble    ধসে পড়া,"collapse, crumble, break down",11,774
密,secrecy    গোপনীয়তা,,11,775
蜜,honey    মধু,,12,776
嵐,storm    ঝড়,,12,777
崎,promontory    অন্তরীপ,,11,778
入,enter    প্রবেশ করুন,,2,779
込,crowded    জনাকীর্ণ,,5,780
分,part    অংশ,,4,781
貧,poverty    দারিদ্র্য,,11,782
頒,partition    বিভাজন,,13,783
公,public    প্রকাশ্য,,4,784
松,pine tree    পাইন গাছ,,8,785
翁,venerable old man    শ্রদ্ধেয় বৃদ্ধ ব্যক্তি,,10,786
訟,sue    মামলা করা,,11,787
谷,valley    উপত্যকা,,7,788
浴,bathe    গোসল করা,,10,789
容,contain    ধারণ করা,,10,790
溶,melt    গলান,,13,791
欲,longing    তীব্র আকাঙ্ক্ষা,,11,792
裕,abundant    প্রচুর,,12,793
鉛,lead (metal)    সীসা (ধাতু),,13,794
沿,run alongside    পাশাপাশি চলা,,8,795
賞,prize    পুরস্কার,,15,796
党,party    পার্টি,,10,797
堂,public chamber    পাবলিক চেম্বার,,11,798
常,usual    সাধারণ,,11,799
裳,skirt    স্কার্ট,,14,800
掌,manipulate    কৌশলে নিয়ন্ত্রণ করা,,12,801
皮,pelt    চামড়া,,5,802
波,waves    waves,,8,803
婆,old woman    old woman,,11,804
披,expose    উন্মোচন করা,,8,805
破,rend    ছিঁড়ে ফেলা,,10,806
被,incur    আবৃত,"suffer, receive, be affected by, cover, wear",10,807
残,remainder    অবশিষ্টাংশ,,10,808
殉,martyrdom    আত্মত্যাগ,,10,809
殊,particularly    বিশেষ করে,,10,810
殖,augment    বৃদ্ধি করা,,12,811
列,file    ফাইল,,6,812
裂,split    বিভক্ত করা,,12,813
烈,ardent    প্রবল,,10,814
死,death    মৃত্যু,,6,815
葬,interment    সমাধিদান,,12,816
瞬,wink    ইশারা,,18,817
耳,ear    কান,,6,818
取,take    নেওয়া,,8,819
趣,gist    মূল কথা,,15,820
最,utmost    সর্বোচ্চ,,12,821
撮,snapshot    এক ঝলক,,15,822
恥,shame    লজ্জা,,10,823
職,post    পোস্ট,,18,824
聖,holy    পবিত্র,,13,825
敢,daring    সাহসী,,12,826
聴,listen    শুনা,,17,827
懐,pocket    পকেট,,16,828
慢,ridicule    উপহাস,,14,829
漫,loose    ঢিলা,,14,830
買,buy    কেনা,,12,831
置,placement    নিয়োগ,,13,832
罰,penalty    জরিমানা,,14,833
寧,rather    বরং,,14,834
濁,voiced    প্রকাশ করা হয়েছে,,16,835
環,ring    আংটি,,17,836
還,send back    ফেরত পাঠানো,,16,837
夫,husband    স্বামী,,4,838
扶,aid    সাহায্য,,7,839
渓,mountain stream    পাহাড়ি ঝর্ণা,,11,840
規,standard    মানদণ্ড,,11,841
替,exchange    বিনিময়,,12,842
賛,approve    অনুমোদন করা,,15,843
潜,submerge    নিমজ্জিত করা,,15,844
失,lose    হারানো,,5,845
鉄,iron    লোহা,,13,846
迭,alternate    বিকল্প,,8,847
臣,retainer    অধিকারদান,,7,848
姫,princess    রাজকুমারী,,10,849
蔵,storehouse    ভাণ্ডার,,15,850
臓,entrails    অন্ত্র,,19,851
賢,intelligent    বুদ্ধিমান,,16,852
堅,strict    কঠোর,,12,853
臨,look to    তাকান,,18,854
覧,perusal    পঠন,,17,855
巨,gigantic    বিশাল,,5,856
拒,repel    প্রতিরোধ করা,,8,857
力,power    ক্ষমতা,,2,858
男,male    পুরুষ,,7,859
労,labor    শ্রম,,7,860
募,recruit    নিয়োগ করা,,12,861
劣,inferiority    হীনতা,,6,862
功,achievement    সাফল্য,,5,863
勧,persuade    প্ররোচিত করা,,13,864
努,toil    পরিশ্রম,,7,865
励,encourage    উৎসাহিত করা,,7,866
加,add    যোগ করা,,5,867
賀,congratulations    অভিনন্দন,,12,868
架,erect    সোজা করে দাঁড় করানো,,9,869
脇,armpit    বগল,,10,870
脅,threaten    হুমকি দেওয়া,,10,871
協,co-    সহযোগিতা,,8,872
行,going    going,,6,873
律,rhythm    ছন্দ,,9,874
復,restore    পুনরুদ্ধার করা,,12,875
得,gain    লাভ,,11,876
従,accompany    সঙ্গ দেওয়া,,10,877
徒,junior    জুনিয়র,,10,878
待,wait    অপেক্ষা করুন,,9,879
往,journey    যাত্রা,,8,880
征,subjugate    আয়ত্তে আনা,,8,881
径,diameter    ব্যাস,,8,882
彼,he    সে,,8,883
役,duty    কর্তব্য,,7,884
徳,benevolence    দয়াশীলতা,,14,885
徹,penetrate    ভেদ করা,,15,886
徴,indications    নির্দেশনা,,14,887
懲,penal    দণ্ডনীয়,,18,888
微,delicate    সূক্ষ্ম,,13,889
街,boulevard    প্রশস্ত রাজপথ,,12,890
衡,equilibrium    সাম্যাবস্থা,,16,891
稿,draft    খসড়া,,15,892
稼,earnings    উপার্জন,,15,893
程,extent    পরিধি,,12,894
税,tax    কর,,12,895
稚,immature    অপরিণত,,13,896
和,harmony    সামঞ্জস্য,,8,897
移,shift    পরিবর্তন,,11,898
秒,second    দ্বিতীয়,,9,899
秋,autumn    শরৎকাল,,9,900
愁,distress    দুর্দশা,,13,901
私,private    ব্যক্তিগত,,7,902
秩,regularity    নিয়মিততা,,10,903
秘,secret    গোপন,,10,904
称,appellation    উপাধি,,10,905
利,profit    মুনাফা,,7,906
梨,pear tree    নাশপাতি গাছ,,11,907
穫,harvest    ফসল তোলা,,18,908
穂,ear of a plant    উদ্ভিদের শিষ,,15,909
稲,rice plant    ধানের গাছ,,14,910
香,incense    ধূপ,,9,911
季,seasons    ঋতুসমূহ,,8,912
委,committee    কমিটি,,8,913
秀,excel    এক্সেল,"excel, outstanding, excellent",7,914
透,transparent    স্বচ্ছ,,10,915
誘,entice    প্রলুব্ধ করা,,14,916
穀,cereals    শস্যদানা,,14,917
菌,germ    জীবাণু,,11,918
米,rice    চাল,,6,919
粉,flour    ময়দা,,10,920
粘,sticky    আঠালো,,11,921
粒,grains    শস্যদানা,,11,922
粧,cosmetics    প্রসাধনী,,12,923
迷,astray    পথভ্রষ্ট,,9,924
粋,chic    চটকদার,,10,925
糧,provisions    বিধান,,18,926
菊,chrysanthemum    চন্দ্রমল্লিকা,,11,927
奥,core    কেন্দ্র,,12,928
数,number    সংখ্যা,,13,929
楼,watchtower    পর্যবেক্ষণ মিনার,,13,930
類,sort    শ্রেণীবদ্ধ করা,,18,931
漆,lacquer,,14,932
様,Esq.    মহোদয়,,14,933
求,request    অনুরোধ,,7,934
球,ball    বল,,11,935
救,salvation     পরিত্রাণ,,11,936
竹,bamboo    বাঁশ,,6,937
笑,laugh    হাসি,,10,938
笠,bamboo hat    বাঁশের টুপি,,11,939
笹,bamboo grass    বাঁশঘাস,,11,940
筋,muscle    পেশি,,12,941
箱,box    বাক্স,,15,942
筆,writing brush    লেখার তুলি,,12,943
筒,cylinder    সিলিন্ডার,,12,944
等,etc.    ইত্যাদি,,12,945
算,calculate    গণনা করা,,14,946
答,solution    সমাধান,,12,947
策,scheme    পরিকল্পনা,,12,948
簿,register    নিবন্ধন করুন,,19,949
築,fabricate    নির্মাণ করা,,16,950
人,person    ব্যক্তি,,2,951
佐,assistant    সহকারী,,7,952
但,however    যাইহোক,,7,953
住,dwell    বাস করা,,7,954
位,rank    পদমর্যাদা,,7,955
仲,go-between    মধ্যস্থতাকারী,,6,956
体,body    শরীর,,7,957
悠,remote    দূরবর্তী,,11,958
件,affair    ব্যাপার,,6,959
仕,attend    অংশগ্রহণ করা,,5,960
他,other    অন্যান্য,,5,961
伏,prostrated    ভূপতিত হত্তয়া,"lie down, hide, bend down, submit",6,962
伝,transmit    প্রেরণ করা,,6,963
仏,Buddha    বুদ্ধ,,4,964
休,rest    বিশ্রাম,,6,965
仮,provisional    অস্থায়ী,,6,966
伯,chief    প্রধান,,7,967
俗,vulgar    অশ্লীল,,9,968
信,faith    বিশ্বাস,,9,969
佳,excellent    চমৎকার,,8,970
依,reliant    নির্ভরশীল,,8,971
例,example    উদাহরণ,,8,972
個,individual    ব্যক্তি,,10,973
健,healthy    স্বাস্থ্যকর,,11,974
側,side    পাশ,,11,975
侍,waiter    ওয়েটার,,8,976
停,halt    থামা,,11,977
値,price    দাম,,10,978
倣,emulate    অনুকরণ করা,,10,979
倒,overthrow    ক্ষমতাচ্যুত করা,,10,980
偵,spy    গুপ্তচর,,11,981
僧,Buddhist priest    বৌদ্ধ ভিক্ষু,,13,982
億,hundred million    দশ কোটি,,15,983
儀,ceremony    অনুষ্ঠান,,15,984
償,reparation    ক্ষতিপূরণ,,17,985
仙,hermit    নিভৃতচারী,,5,986
催,sponsor    পৃষ্ঠপোষক,,13,987
仁,humanity    মানবতা,,4,988
侮,scorn    অবজ্ঞা,,8,989
使,use    ব্যবহার,,8,990
便,convenience    সুবিধা,,9,991
倍,double    দ্বিগুণ,,10,992
優,tenderness    কোমলতা,,17,993
伐,fell    পড়ে গেল,,6,994
宿,inn    সরাইখানা,,11,995
傷,wound    ক্ষত,,13,996
保,protect    সুরক্ষা দেওয়া,,9,997
褒,praise    প্রশংসা,,15,998
傑,greatness    মহত্ত্ব,,13,999
付,adhere    লেগে থাকা,,5,1000
符,token    টোকেন,,11,1001
府,municipality    পৌরসভা,,8,1002
任,responsibility    দায়িত্ব,,6,1003
賃,fare    ভাড়া,,13,1004
代,substitute    বিকল্প,,5,1005
袋,sack    বরখাস্ত করা,,11,1006
貸,lend    ধার দেওয়া,,12,1007
化,change    পরিবর্তন,,4,1008
花,flower    ফুল,,7,1009
貨,freight    মালপত্র,,11,1010
傾,lean    শীর্ণ,,13,1011
何,what    কি,,7,1012
荷,baggage    লাগেজ,,10,1013
俊,sagacious    বিচক্ষণ,,9,1014
傍,bystander    প্রত্যক্ষদর্শী,,12,1015
久,long time    অনেক সময়,,3,1016
畝,furrow    খাঁজ,,10,1017
囚,captured    বন্দী,,5,1018
内,inside    ভিতরে,,4,1019
丙,third class    তৃতীয় শ্রেণি,"third, third class, third Heavenly Stem",5,1020
柄,design    নকশা,,9,1021
肉,meat    মাংস,,6,1022
腐,rot    পচা,,14,1023
座,sit    বসা,,10,1024
卒,graduate    স্নাতক,,8,1025
傘,umbrella    ছাতা,,12,1026
匁,monme    মমি,monme (traditional Japanese unit of weight),4,1027
以,by means of    মাধ্যমে,,5,1028
似,similar    অনুরূপ,,7,1029
併,join    যোগ দিন,,8,1030
瓦,tile    টাইল,,5,1031
瓶,flower pot    ফুলের টব,,11,1032
宮,Shinto shrine    শিন্তো মন্দির,,10,1033
営,occupation    পেশা,,12,1034
善,virtuous    পুণ্যবান,,12,1035
年,year    বছর,,6,1036
夜,night    রাত,,8,1037
液,fluid    তরল,,11,1038
塚,hillock    ছোট পাহাড়,,12,1039
幣,cash    নগদ অর্থ,,15,1040
弊,abuse    অপব্যবহার,,15,1041
喚,yell    চিৎকার করা,,12,1042
換,interchange    বিনিময়,,12,1043
融,dissolve    দ্রবীভূত হওয়া,,16,1044
施,alms    ভিক্ষা,,9,1045
旋,rotation    আবর্তন,,11,1046
遊,play    খেলা,,12,1047
旅,trip    ভ্রমণ,,10,1048
勿,not    না,,4,1049
物,thing    জিনিস,,8,1050
易,easy    সহজ,,8,1051
賜,grant    অনুদান,,15,1052
尿,urine    মূত্র,,7,1053
尼,nun    নান,,5,1054
泥,mud    কাদা,,8,1055
塀,fence    বেড়া,,12,1056
履,footgear    পাদুকা,,15,1057
屋,roof    ছাদ,,9,1058
握,grip    মুঠো,,12,1059
屈,yield    ফলন,,8,1060
掘,dig    খনন করা,,11,1061
堀,ditch    নালা,,11,1062
居,reside    বাস করা,,8,1063
据,set    স্থাপন করা,,11,1064
層,stratum    স্তর,,14,1065
局,bureau    ব্যুরো,,7,1066
遅,slow    ধীর,,12,1067
漏,leak    ফাঁস,,14,1068
刷,printing    মুদ্রণ,,8,1069
尺,shaku    শাকু,,4,1070
尽,exhaust    নিঃশেষ করা,,6,1071
沢,swamp    জলাভূমি,,7,1072
訳,translate    অনুবাদ,,11,1073
択,choose    বেছে নিন,,7,1074
昼,daytime    দিনের বেলা,,9,1075
戸,door    দরজা,,4,1076
肩,shoulder    কাঁধ,,8,1077
房,tassel    ঝালর,,8,1078
扇,fan    পাখা,,10,1079
炉,hearth    অগ্নিকুণ্ড,,8,1080
戻,re-    পুনঃ-,"return, go back, restore, put back",7,1081
涙,tears    অশ্রু,,10,1082
雇,employ    নিয়োগ করা,,12,1083
顧,look back    পিছন ফিরে দেখা,,21,1084
啓,disclose    প্রকাশ করা,,11,1085
示,show    প্রদর্শন করা,,5,1086
礼,salutation    সম্বোধন,,5,1087
祥,auspicious    শুভ,,10,1088
祝,celebrate    উদযাপন করা,,9,1089
福,blessing    আশীর্বাদ,,13,1090
祉,welfare    কল্যাণ,,8,1091
社,company    কোম্পানি,,7,1092
視,inspection    পরিদর্শন,,11,1093
奈,Nara    নারা,"Nara (phonetic use), what/how (classical use), mainly used in names",8,1094
尉,military officer    সামরিক কর্মকর্তা,,11,1095
慰,consolation    সান্ত্বনা,,15,1096
款,goodwill    সুনাম,,12,1097
禁,prohibition    নিষেধাজ্ঞা,,13,1098
襟,collar    কলার,,18,1099
宗,religion    ধর্ম,,8,1100
崇,adore    গভীরভাবে ভালোবাসা,,11,1101
祭,ritual    অনুষ্ঠান,,11,1102
察,guess    অনুমান করা,,14,1103
擦,grate    ঘষা,,17,1104
由,wherefore    অতএব,,5,1105
抽,pluck    ছিঁড়ে ফেলা,,8,1106
油,oil    তেল,,8,1107
袖,sleeve    হাতা,,10,1108
宙,mid-air    শূন্যে,,8,1109
届,deliver    পৌঁছে দেওয়া,,8,1110
笛,flute    বাঁশি,,11,1111
軸,axis    অক্ষ,,12,1112
甲,armor    বর্ম,,5,1113
押,push    ঠেলা,,8,1114
岬,headland    অন্তরীপ,,8,1115
挿,insert    প্রবেশ করানো,,10,1116
申,speaketh    বলেন,,5,1117
伸,expand    সম্প্রসারণ,,7,1118
神,gods    দেবতারা,,9,1119
捜,search    অনুসন্ধান,,10,1120
果,fruit    ফল,,8,1121
菓,candy    ক্যান্ডি,,11,1122
課,chapter    অধ্যায়,,15,1123
裸,naked    উলঙ্গ,,13,1124
斤,ax    কুঠার,,4,1125
析,chop    কুচি করা,,8,1126
所,place    স্থান,,8,1127
祈,pray    প্রার্থনা করা,,8,1128
近,near    কাছে,,7,1129
折,fold    ভাঁজ করা,,7,1130
哲,philosophy    দর্শন,,10,1131
逝,departed    প্রস্থান করেছেন,,10,1132
誓,vow    প্রতিজ্ঞা,,14,1133
暫,temporarily    সাময়িকভাবে,,15,1134
漸,steadily    ধারাবাহিকভাবে,,14,1135
断,severance    পৃথকীকরণ,,11,1136
質,substance    পদার্থ,,15,1137
斥,reject    প্রত্যাখ্যান করা,,5,1138
訴,accusation    অভিযোগ,,12,1139
昨,yesterday    গতকাল,,9,1140
詐,lie    মিথ্যা বলা,,12,1141
作,make    তৈরি করা,,7,1142
雪,snow    তুষার,,11,1143
録,record    রেকর্ড,,16,1144
尋,inquire    অনুসন্ধান করা,,12,1145
急,hurry    তাড়াতাড়ি করুন,,9,1146
穏,calm    শান্ত,,16,1147
侵,encroach    অনাধিকার প্রবেশ করা,,9,1148
浸,immersed    নিমগ্ন,,10,1149
寝,lie down    শুয়ে পড়ুন,,13,1150
婦,lady    মহিলা,,11,1151
掃,sweep    ঝাড়ু দেওয়া,,11,1152
当,hit    আঘাত করা,,6,1153
争,contend    তর্ক করা,,6,1154
浄,clean    পরিষ্কার,,9,1155
事,matter    বিষয়,,8,1156
唐,T'ang    ট্যাং,"Tang (China), China, foreign, empty/in vain (in some compounds)",10,1157
糖,sugar    চিনি,,16,1158
康,sane    সুস্থমস্তিষ্ক,,11,1159
逮,apprehend    গ্রেপ্তার করা,,11,1160
伊,Italy    ইতালি,,6,1161
君,old boy    প্রাক্তন ছাত্র,,7,1162
群,flock    ঝাঁক,,13,1163
耐,-proof    প্রমাণ,,9,1164
需,demand    চাহিদা,,14,1165
儒,Confucian    কনফুসীয়,,16,1166
端,edge    প্রান্ত,,14,1167
両,both    উভয়ই,,6,1168
満,full    পূর্ণ,,12,1169
画,brush stroke    তুলির আঁচড়,,8,1170
歯,tooth    দাঁত,,12,1171
曲,bend    বাঁকানো,,6,1172
曹,cadet    ক্যাডেট,,11,1173
遭,encounter    মুখোমুখি হওয়া,,14,1174
漕,rowing    নৌকা চালানো,,14,1175
槽,vat    ভ্যাট,,15,1176
斗,Big Dipper    বিগ ডিপার,,4,1177
料,fee    ফি,,10,1178
科,department    বিভাগ,,9,1179
図,map    মানচিত্র,,7,1180
用,utilize    কাজে লাগানো,,5,1181
庸,comfortable    আরামদায়ক,,11,1182
備,equip    সজ্জিত করা,,12,1183
昔,once upon a time    একদা এক সময়,,8,1184
錯,confused    বিভ্রান্ত,,16,1185
借,borrow    ধার করা,,10,1186
惜,pity    দুঃখের বিষয়,,11,1187
措,set aside    একপাশে সরিয়ে রাখা,,11,1188
散,scatter    ছড়িয়ে দেওয়া,,12,1189
廿,twenty    বিশ,,4,1190
庶,commoner    সাধারণ মানুষ,,11,1191
遮,intercept    পথ আটকে ধরা,,14,1192
席,seat    আসন,,10,1193
度,degrees    ডিগ্রি,,9,1194
渡,transit    পরিবহন,,12,1195
奔,bustle    ব্যস্ততা ও কোলাহল,,8,1196
噴,erupt    বিস্ফোরিত হওয়া,,15,1197
墳,tomb    সমাধি,,15,1198
憤,aroused    উদ্দীপ্ত,,15,1199
焼,bake    বেক করা,,12,1200
暁,daybreak    ভোর,,12,1201
半,half    অর্ধেক,,5,1202
伴,consort    স্ত্রী,,7,1203
畔,paddy ridge    ধানের আইল,,10,1204
判,judgment    বিচার,,7,1205
券,ticket    টিকিট,,8,1206
巻,scroll    স্ক্রল,,9,1207
圏,sphere    গোলক,,12,1208
勝,victory    বিজয়,,12,1209
藤,wisteria    উইস্টেরিয়া,Wisteria (flowering vine),18,1210
謄,facsimilie    অনুলিপি,,17,1211
片,one-sided    একতরফা,,4,1212
版,printing block    ছাপার ব্লক,,8,1213
之,of    এর,,3,1214
乏,destitution    চরম দারিদ্র্য,,4,1215
芝,turf    ঘাসের আস্তরণ,,6,1216
不,negative    নেতিবাচক,,4,1217
否,negate    অকার্যকর করা,,7,1218
杯,cupfuls    কাপভর্তি পরিমাণ,,8,1219
矢,dart    ডার্ট,,5,1220
矯,rectify    সংশোধন করা,,17,1221
族,tribe    উপজাতি,,11,1222
知,know    জানা,,8,1223
智,wisdom    প্রজ্ঞা,,12,1224
矛,halberd    হালবার্ড,,5,1225
柔,tender    দরপত্র,,9,1226
務,task    কাজ,,11,1227
霧,fog    কুয়াশা,,19,1228
班,squad    দল,,10,1229
帰,homecoming    ঘরে ফেরা,,10,1230
弓,bow    ধনুক,,3,1231
引,pull    টানা,,4,1232
弔,condolences    সমবেদনা,,4,1233
弘,vast    বিশাল,,5,1234
強,strong    শক্তিশালী,,11,1235
弱,weak    দুর্বল,,10,1236
沸,seethe    ক্রোধে ফুঁসা,,8,1237
費,expense    খরচ,,12,1238
第,No.    নং,"ordinal prefix (first, second, etc.), sequence, rank",11,1239
弟,younger brother    ছোট ভাই,,7,1240
巧,adroit    দক্ষ,,5,1241
号,nickname    ডাকনাম,,5,1242
朽,decay    ক্ষয়,,6,1243
誇,boast    অহংকার করা,,13,1244
汚,dirty    নোংরা,,6,1245
与,bestow    প্রদান করা,,3,1246
写,copy    অনুলিপি,,5,1247
身,somebody    কেউ,,7,1248
射,shoot    গুলি করা,"shoot, fire, emit, aim",10,1249
謝,apologize    দুঃখ প্রকাশ করা,,17,1250
老,old man    বৃদ্ধ,,6,1251
考,consider    বিবেচনা করা,,6,1252
孝,filial piety    পিতৃ-মাতৃভক্তি,,7,1253
教,teach    শেখানো,,11,1254
拷,torture    নির্যাতন,,9,1255
者,someone    কেউ,,8,1256
煮,boil    ফুটান,,12,1257
著,renowned    বিখ্যাত,,11,1258
署,signature    স্বাক্ষর,,13,1259
暑,sultry    গুমোট,,12,1260
諸,various    বিভিন্ন,,15,1261
猪,boar    বুনো শূকর,,11,1262
渚,strand    সূত্র,,11,1263
賭,gamble    জুয়া খেলা,,15,1264
峡,gorge    গিরিখাত,,9,1265
狭,cramped    সংকীর্ণ,,9,1266
挟,sandwiched    মাঝখানে আটকা পড়া,,9,1267
追,chase    পিছু ধাওয়া করা,,9,1268
師,expert    বিশেষজ্ঞ,,10,1269
帥,commander    কমান্ডার,,9,1270
官,bureaucrat    আমলা,,8,1271
棺,coffin    কফিন,,12,1272
管,pipe    পাইপ,,14,1273
父,father    বাবা,,4,1274
交,mingle    মিশে যাওয়া,,6,1275
効,merit    যোগ্যতা,,8,1276
較,contrast    বৈসাদৃশ্য,,13,1277
校,exam    পরীক্ষা,,10,1278
足,leg    পা,,7,1279
促,stimulate    উদ্দীপিত করা,,9,1280
距,long-distance    দূরপাল্লার,,12,1281
路,path    পথ,,13,1282
露,dew    শিশির,,21,1283
跳,hop    একপায়ে লাফান,,13,1284
躍,leap    লাফান,,21,1285
践,tread    পদদলিত,,13,1286
踏,step    পদক্ষেপ,,15,1287
骨,skeleton    কঙ্কাল,,10,1288
滑,slippery    পিচ্ছিল,,13,1289
髄,marrow    মজ্জা,,19,1290
禍,calamity    বিপর্যয়,,13,1291
渦,whirlpool    ঘূর্ণিস্রোত,,12,1292
過,overdo    অতিরিক্ত করা,,12,1293
阪,Heights    উচ্চতা,,7,1294
阿,Africa    আফ্রিকা,"flatter, corner, prefix in names and Buddhist terms",8,1295
際,occasion    উপলক্ষ,,14,1296
障,hinder    বাধা দেওয়া,,14,1297
随,follow    অনুসরণ করুন,,12,1298
陪,auxiliary    সহায়ক,,11,1299
陽,sunshine    সূর্যালোক,,12,1300
陳,line up    সারিবদ্ধ হওয়া,,11,1301
防,ward off    প্রতিহত করা,,7,1302
附,affixed    সংযুক্ত,,8,1303
院,Inst.    প্রতিষ্ঠান,,10,1304
陣,camp    শিবির,,10,1305
隊,regiment    রেজিমেন্ট,,12,1306
墜,crash    দুর্ঘটনা,,15,1307
降,descend    নিচে নামা,,10,1308
階,story    গল্প,,12,1309
陛,highness    মহিমান্বিত ব্যক্তি,,10,1310
隣,neighboring    পার্শ্ববর্তী,,16,1311
隔,isolate    বিচ্ছিন্ন করা,,13,1312
隠,conceal    লুকানো,,14,1313
堕,degenerate    অধঃপতিত,,12,1314
陥,collapse    ধসে পড়া,,10,1315
穴,hole    গর্ত,,5,1316
空,empty    খালি,,8,1317
控,withdraw    প্রত্যাহার করা,,11,1318
突,stab    ছুরিকাঘাত করা,,8,1319
究,research    গবেষণা,,7,1320
窒,plug up    বন্ধ করা,,11,1321
窃,stealth    গোপনতা,,9,1322
窪,depression    বিষণ্নতা,,14,1323
搾,squeeze    চাপা,,13,1324
窯,kiln    চুল্লি,,15,1325
窮,hard up    অর্থকষ্টে থাকা,,15,1326
探,grope    হাতড়ে খোঁজা,,11,1327
深,deep    গভীর,,11,1328
丘,hill    পাহাড়,,5,1329
岳,Point    বিন্দু,,8,1330
兵,soldier    সৈনিক,,7,1331
浜,seacoast    সমুদ্রতট,,10,1332
糸,thread    সুতা,,6,1333
織,weave    বোনা,,18,1334
繕,darning    মেরামত,,18,1335
縮,shrink    সংকুচিত হওয়া,,17,1336
繁,luxuriant    সমৃদ্ধ ও সুসমৃদ্ধ,,16,1337
縦,vertical    উল্লম্ব,,16,1338
線,line    লাইন,"line, wire, route, boundary",15,1339
締,tighten    আঁটসাঁট করা,,15,1340
維,fiber    আঁশ,,14,1341
羅,gauze    গজ কাপড়,,19,1342
練,practice    অনুশীলন,,14,1343
緒,thong    থং,"thread, beginning, connection, cord",14,1344
続,continue    চালিয়ে যান,,13,1345
絵,picture    ছবি,,12,1346
統,overall    সামগ্রিকভাবে,,12,1347
絞,strangle    শ্বাসরোধ করা,,12,1348
給,salary    বেতন,,12,1349
絡,entwine    জড়িয়ে ফেলা,,12,1350
結,tie    বাঁধা,,12,1351
終,end    শেষ,,11,1352
級,class    শ্রেণি,,9,1353
紀,chronicle    ঘটনাপঞ্জি,,9,1354
紅,crimson    গাঢ় লাল,,9,1355
納,settlement    নিষ্পত্তি,,10,1356
紡,spinning    ঘূর্ণন,,10,1357
紛,distract    মনোযোগ অন্যদিকে সরিয়ে নেওয়া,,10,1358
紹,introduce    পরিচয় করিয়ে দেওয়া,,11,1359
経,sutra    সূত্র,,11,1360
紳,sire    মহারাজ,,11,1361
約,promise    প্রতিশ্রুতি,,9,1362
細,dainty    সুক্ষ্ম ও সুন্দর,,11,1363
累,accumulate    জমা করা,,11,1364
索,cord    তার,,10,1365
総,general    সাধারণ,,14,1366
綿,cotton    তুলা,,14,1367
絹,silk    রেশম,,13,1368
繰,winding    আঁকাবাঁকা,,19,1369
継,inherit    উত্তরাধিকারসূত্রে পাওয়া,,13,1370
緑,green    সবুজ,,14,1371
縁,"affinity    আনুগত্য, আকর্ষণ, ঘনিষ্ঠতা",,15,1372
網,netting    জালের বুনানি,,14,1373
緊,tense    জরুরি অবস্থা,"tight, tense, urgent, strict",15,1374
紫,purple    বেগুনী,,12,1375
縛,truss    ট্রাস,,16,1376
縄,straw rope    খড়ের দড়ি,,15,1377
幼,infancy    শৈশবকাল,,5,1378
後,behind    পেছনে,,9,1379
幽,faint    অস্পষ্ট,,9,1380
幾,how many    কতগুলো,,12,1381
機,mechanism    কার্যপদ্ধতি,,16,1382
玄,mysterious    রহস্যময়,,5,1383
畜,livestock    গবাদি পশু,,10,1384
蓄,amass    জমা করা,,13,1385
弦,bowstring    ধনুকের ছিলা,,8,1386
擁,hug    আলিঙ্গন,,16,1387
滋,nourishing    পুষ্টিকর,,12,1388
慈,mercy    দয়া,,13,1389
磁,magnet    চুম্বক,,14,1390
系,lineage    বংশপরিচয়,,7,1391
係,person in charge    দায়িত্বপ্রাপ্ত ব্যক্তি,,9,1392
孫,grandchild    নাতি-নাতনি,,10,1393
懸,suspend    স্থগিত করা,,20,1394
却,instead    পরিবর্তে,,7,1395
脚,shins    পায়ের নলা,,11,1396
卸,wholesale    পাইকারি,,9,1397
御,honorable    সম্মানিত,,12,1398
服,clothing    পোশাক,,8,1399
命,fate    ভাগ্য,,8,1400
令,orders    অর্ডারসমূহ,,5,1401
零,zero    শূন্য,,13,1402
齢,age    বয়স,,17,1403
冷,cool    শীতল,,7,1404
領,jurisdiction    অধিক্ষেত্র,,14,1405
鈴,small bell    ছোট ঘণ্টা,,13,1406
勇,courage    সাহস,,9,1407
通,traffic    যানবাহন চলাচল,,10,1408
踊,jump    লাফ,,14,1409
疑,doubt    সন্দেহ,,14,1410
擬,mimic    অনুকরণ করা,,17,1411
凝,congeal    জমাট বাঁধা,,16,1412
範,pattern    নকশা,,15,1413
犯,crime    অপরাধ,,5,1414
厄,unlucky    দুর্ভাগ্যবান,,4,1415
危,dangerous    বিপজ্জনক,,6,1416
宛,address    ঠিকানা,,8,1417
腕,arm    বাহু,,12,1418
苑,garden    বাগান,,8,1419
怨,grudge    বিদ্বেষ,,9,1420
柳,willow    উইলো,,9,1421
卵,egg    ডিম,,7,1422
留,detain    আটক করা,,10,1423
貿,trade    বাণিজ্য,,12,1424
印,stamp    ডাকটিকিট,,6,1425
興,entertain    বিনোদন দেওয়া,,16,1426
酉,sign of the bird    পাখির চিহ্ন,,7,1427
酒,sake    অভিপ্রায়,,10,1428
酌,bartending    বারটেন্ডিং,,10,1429
酵,fermentation    গাঁজন,,14,1430
酷,cruel    নিষ্ঠুর,,14,1431
酬,repay    পরিশোধ করা,,13,1432
酪,dairy products    দুগ্ধজাত পণ্য,,13,1433
酢,vinegar    ভিনেগার,,12,1434
酔,drunk    মাতাল,,11,1435
配,distribute    বিতরণ করা,,10,1436
酸,acid    অ্যাসিড,,14,1437
猶,waver    দ্বিধা করা,,12,1438
尊,revered    শ্রদ্ধেয়,,12,1439
豆,beans    মটরশুটি,,7,1440
頭,head    মাথা,,16,1441
短,short    সংক্ষিপ্ত,,12,1442
豊,bountiful    অঢেল,,13,1443
鼓,drum    ড্রাম,,13,1444
喜,rejoice    আনন্দ করুন,,12,1445
樹,timber-trees    কাঠের গাছ,,16,1446
皿,dish    থালা,,5,1447
血,blood    রক্ত,,6,1448
盆,basin    অববাহিকা,,9,1449
盟,alliance    জোট,,13,1450
盗,steal    চুরি করা,,11,1451
温,warm    উষ্ণ,,12,1452
監,oversee    তদারকি করা,,15,1453
濫,overflow    উপচে পড়া,,18,1454
鑑,specimen    নমুনা,,23,1455
猛,fierce    উগ্র,,11,1456
盛,boom    বুম,"heap up, serve, prosper, flourish, thriving",11,1457
塩,salt    লবণ,,13,1458
銀,silver    রূপা,,14,1459
恨,resentment    ক্ষোভ,,9,1460
根,root    মূল,,10,1461
即,instant    তাৎক্ষণিক,,7,1462
爵,baron    ব্যারন,,17,1463
節,node    নোড,,13,1464
退,retreat    পিছিয়ে যাওয়া,,9,1465
限,limit    সীমা,,9,1466
眼,eyeball    চোখের গোলক,,11,1467
良,good    ভালো,,7,1468
朗,melodious    সুমধুর,,10,1469
浪,wandering    ঘুরে বেড়ানো,,10,1470
娘,daughter    কন্যা,,10,1471
食,eat    খাওয়া,,9,1472
飯,meal    খাবার,,12,1473
飲,drink    পান করা,,12,1474
飢,hungry    ক্ষুধার্ত,,10,1475
餓,starve    অনাহারে থাকা,,15,1476
飾,decorate    সাজানো,,13,1477
館,Bldg.    ভবন,,16,1478
養,foster    পালন করা,,15,1479
飽,sated    পরিতৃপ্ত,,13,1480
既,previously    এর আগে,,10,1481
概,outline    রূপরেখা,,14,1482
慨,rue    অনুশোচনা করা,,13,1483
平,even    এমনকি,,5,1484
呼,call    কল,,8,1485
坪,two-mat area    দুটি ম্যাট-এর সমান এলাকা,,8,1486
評,evaluate    মূল্যায়ন করা,,12,1487
刈,reap    ফসল কাটা,,4,1488
希,hope    আশা,,7,1489
凶,villain    খলনায়ক,,4,1490
胸,bosom    বক্ষ,,10,1491
離,detach    বিচ্ছিন্ন করা,,18,1492
殺,kill    হত্যা করা,,10,1493
純,genuine    আসল,,10,1494
鈍,dull    নিস্তেজ,,12,1495
辛,spicy    ঝাল,,7,1496
辞,resign    পদত্যাগ করা,,13,1497
梓,catalpa    ক্যাটালপা,,11,1498
宰,superintend    তত্ত্বাবধান করা,,10,1499
壁,wall    দেয়াল,,16,1500
避,evade    এড়িয়ে যাওয়া,,16,1501
新,new    নতুন,,13,1502
薪,firewood    জ্বালানি কাঠ,,16,1503
親,parent    অভিভাবক,,16,1504
幸,happiness    সুখ,,8,1505
執,tenacious    অদম্য,,11,1506
報,report    প্রতিবেদন,,12,1507
叫,shout    চিৎকার করা,,6,1508
糾,twist    মোচড়,,9,1509
収,income    আয়,,4,1510
卑,lowly    নগণ্য,,9,1511
碑,tombstone    সমাধিপাথর,,14,1512
陸,land    জমি,,11,1513
睦,intimate    ঘনিষ্ঠ,,13,1514
勢,forces    বাহিনী,,13,1515
熱,heat    তাপ,,15,1516
菱,diamond    হীরা,,11,1517
陵,mausoleum    সমাধিসৌধ,,11,1518
亥,sign of the hog    শূকরের চিহ্ন,,6,1519
核,nucleus    নিউক্লিয়াস,,10,1520
刻,engrave    খোদাই করা,,8,1521
該,above-stated    উপরে উল্লিখিত,,13,1522
劾,censure    কঠোর নিন্দা,,8,1523
述,mention    উল্লেখ করা,,8,1524
術,art    শিল্প,,11,1525
寒,cold    ঠান্ডা,,12,1526
醸,brew    চোলাই,,20,1527
譲,defer    স্থগিত রাখা,,20,1528
壌,lot    অনেক,,16,1529
嬢,lass    মেয়ে,,16,1530
毒,poison    বিষ,,8,1531
素,elementary    প্রাথমিক,,10,1532
麦,barley    বার্লি,,7,1533
青,blue    নীল,,8,1534
精,refined    পরিশোধিত,,14,1535
請,solicit    অনুরোধ,,15,1536
情,feelings    অনুভূতি,,11,1537
晴,clear up    পরিষ্কার করা,,12,1538
清,pure    বিশুদ্ধ,,11,1539
静,quiet    নিস্তব্ধ,,14,1540
責,blame    দোষারোপ করা,,11,1541
績,exploits    বীরত্বপূর্ণ কাজ,,17,1542
積,volume    আয়তন,,16,1543
債,bond    বন্ধন,,13,1544
漬,pickling    আচার তৈরি,,14,1545
表,surface    পৃষ্ঠতল,,8,1546
俵,bag    ব্যাগ,,10,1547
潔,undefiled    অকলঙ্কিত,,15,1548
契,pledge    প্রতিজ্ঞা,,9,1549
喫,consume    ব্যবহার করা,,12,1550
害,harm    ক্ষতি,,10,1551
轄,control    নিয়ন্ত্রণ,,17,1552
割,proportion    অনুপাত,,12,1553
憲,constitution    সংবিধান,,16,1554
生,life    জীবন,,5,1555
星,star    তারা,,9,1556
姓,surname    পদবি,,8,1557
性,sex    যৌনতা,,8,1558
牲,animal sacrifice     পশু বলি,,9,1559
産,products    পণ্যসমূহ,,11,1560
隆,hump    কুঁজ,"prosperity, noble, elevated, thriving",11,1561
峰,summit    শীর্ষ সম্মেলন,,10,1562
縫,sew    সেলাই করা,,16,1563
拝,worship    উপাসনা,,8,1564
寿,longevity    দীর্ঘায়ু,,7,1565
鋳,casting    ঢালাই,,15,1566
籍,enroll    নিবন্ধন করা,,20,1567
春,springtime    বসন্তকাল,,9,1568
椿,camellia    ক্যামেলিয়া,,13,1569
泰,peaceful    শান্তিপূর্ণ,,10,1570
奏,play music    গান বাজান,,9,1571
実,reality    বাস্তবতা,,8,1572
奉,dedicate    উৎসর্গ করা,,8,1573
俸,stipend    বৃত্তি,,10,1574
棒,rod    দণ্ড,,12,1575
謹,discreet    বিচক্ষণ,,17,1576
勤,diligence    অধ্যবসায়,,12,1577
漢,Sino-    চীন-,,13,1578
嘆,sigh    দীর্ঘশ্বাস,,13,1579
難,difficult    কঠিন,,18,1580
華,splendor    জাঁকজমক,,10,1581
垂,droop    ঝুলে পড়া,,8,1582
睡,drowsy    ঝিমুনি-ভাবযুক্ত,,13,1583
錘,spindle    স্পিন্ডল,,16,1584
乗,ride    চড়া,,9,1585
剰,surplus    উদ্বৃত্ত,,11,1586
今,now    এখন,,4,1587
含,include    অন্তর্ভুক্ত করা,,7,1588
吟,versify    পদ্যরচনা করা,,7,1589
念,wish    ইচ্ছা,,8,1590
琴,harp    হার্প,,12,1591
陰,shade    ছায়া,,11,1592
予,beforehand    আগেভাগে,,4,1593
序,preface    ভূমিকা,,7,1594
預,deposit    জমা,,13,1595
野,plains    সমভূমি,,11,1596
兼,concurrently    একই সাথে,,10,1597
嫌,dislike    অপছন্দ,,13,1598
鎌,sickle    কাস্তে,,18,1599
謙,"self-effacing    অহংকারহীন, বিনয়ী",,17,1600
廉,bargain    দরদাম করা,,13,1601
西,west    পশ্চিম,,6,1602
価,value    মূল্য,,8,1603
要,need    প্রয়োজন,,9,1604
腰,loins    কোমর,,13,1605
票,ballot    ব্যালট,,11,1606
漂,drift    ভেসে চলা,,14,1607
標,signpost    দিকনির্দেশক চিহ্ন,,15,1608
栗,chestnut    চেস্টনাট,,10,1609
遷,transition    রূপান্তর,,15,1610
覆,capsize,,18,1611
煙,smoke    ধোঁয়া,,13,1612
南,south    দক্ষিণ,,9,1613
楠,camphor tree    কর্পূর গাছ,,13,1614
献,offering    প্রদান করা হচ্ছে,,13,1615
門,gates    গেট,,8,1616
問,question    প্রশ্ন,,11,1617
閲,review    পর্যালোচনা,,15,1618
閥,clique    ঘনিষ্ঠ গোষ্ঠী,,14,1619
間,interval    বিরতি,,12,1620
簡,simplicity    সরলতা,,18,1621
開,open    খোলা,,12,1622
閉,closed    বন্ধ,,11,1623
閣,tower    মিনার,,14,1624
閑,leisure    অবসর,,12,1625
聞,hear    শোনা,,14,1626
潤,wet    ভেজা,,15,1627
欄,column    কলাম,,20,1628
闘,fight    লড়াই,,18,1629
倉,godown    গুদাম,,10,1630
創,genesis    উৎপত্তি,,12,1631
非,un-    অ-,"not, non-, wrong, mistake, opposite",8,1632
俳,haiku    হাইকু,,10,1633
排,repudiate    প্রত্যাখ্যান করা,,11,1634
悲,sad    দুঃখিত,,12,1635
罪,guilt    অপরাধবোধ,,13,1636
輩,comrade    কমরেড,,15,1637
扉,front door    সামনের দরজা,,12,1638
侯,marquis    মার্কুইস,"marquis, feudal lord, noble",9,1639
候,climate    জলবায়ু,,10,1640
決,decide    সিদ্ধান্ত নেওয়া,,7,1641
快,cheerful    হাসিখুশি,,7,1642
偉,admirable    প্রশংসনীয়,,12,1643
違,difference    পার্থক্য,,13,1644
緯,horizontal    অনুভূমিক,,16,1645
衛,defense    প্রতিরক্ষা,,16,1646
韓,Korea    কোরিয়া,,18,1647
干,dry    শুষ্ক,,3,1648
肝,liver    যকৃৎ,,7,1649
刊,publish    প্রকাশ করা,,5,1650
汗,sweat    sweat,,6,1651
軒,flats    ফ্ল্যাট,,10,1652
岸,beach    সমুদ্রসৈকত,,8,1653
幹,tree trunk    গাছের গুঁড়ি,,13,1654
芋,potato    আলু,,6,1655
宇,eaves    চালার কিনারা,,6,1656
余,too much    অতিরিক্ত,,7,1657
除,exclude    বাদ দেওয়া,,10,1658
徐,gradually    ধীরে ধীরে,,10,1659
叙,confer    আলোচনা করা,,9,1660
途,route    পথ,,10,1661
斜,diagonal    কর্ণরেখা,,11,1662
塗,paint    রং,,13,1663
束,bundle    আঁটি,,7,1664
頼,trust    বিশ্বাস,,16,1665
瀬,rapids    দ্রুতস্রোত,,19,1666
勅,imperial order    সম্রাটের আদেশ,,9,1667
疎,alienate    বিচ্ছিন্ন করা,,12,1668
速,quick    দ্রুত,,10,1669
整,organize    আয়োজন করা,,16,1670
剣,saber    বাঁকা তলোয়ার,"sword, blade",10,1671
険,precipitous    খাড়া,,11,1672
検,examination    পরীক্ষা,,12,1673
倹,frugal    মিতব্যয়ী,,10,1674
重,heavy    ভারী,,9,1675
動,move    সরানো,,11,1676
勲,meritorious deed    পুণ্যকর্ম,,15,1677
働,work    কাজ,,13,1678
種,species    প্রজাতি,,14,1679
衝,collide    সংঘর্ষ হওয়া,,15,1680
薫,fragrant    সুগন্ধি,,16,1681
病,ill    অসুস্থ,,10,1682
痴,stupid    বোকা,,13,1683
痘,pox    বসন্ত রোগ,,12,1684
症,symptoms    লক্ষণসমূহ,,10,1685
疾,rapidly    দ্রুতগতিতে,,10,1686
痢,diarrhea    ডায়রিয়া,,12,1687
疲,tired    ক্লান্ত,,10,1688
疫,epidemic    মহামারী,,9,1689
痛,pain    ব্যথা,,12,1690
癖,mannerism    অস্বাভাবিক বা কৃত্রিম আচরণভঙ্গি,,18,1691
匿,hide    লুকান,,10,1692
匠,artisan    কারুশিল্পী,,6,1693
医,doctor    ডাক্তার,,7,1694
匹,equal    সমান,,4,1695
区,ward    ওয়ার্ড,"ward, district, section, area",4,1696
枢,hinge    কবজা,,8,1697
殴,assault    হামলা,,8,1698
欧,Europe    ইউরোপ,,8,1699
抑,repress    দমন করা,,7,1700
仰,faceup    ফেসআপ,"look up, respect, obey, say (honorific)",6,1701
迎,welcome    স্বাগতম,,7,1702
登,ascend    আরোহণ করা,,12,1703
澄,lucidity    সুস্পষ্টতা,,15,1704
発,discharge    নির্গমন,,9,1705
廃,abolish    রদ করা,,12,1706
僚,colleague    সহকর্মী,,14,1707
寮,dormitory    ছাত্রাবাস,,15,1708
療,heal    নিরাময় করা,,17,1709
彫,carve    খোদাই করা,,11,1710
形,shape    আকৃতি,,7,1711
影,shadow    ছায়া,,15,1712
杉,cedar    সিডার,,7,1713
彩,coloring    রঙ করা,,11,1714
彰,patent    পেটেন্ট,,14,1715
彦,lad    ছেলে,"young man, noble man, handsome man",9,1716
顔,face    মুখমণ্ডল,,18,1717
須,ought    উচিত,,12,1718
膨,swell    ফুলে ওঠা,,16,1719
参,visit    পরিদর্শন,,8,1720
惨,wretched    শোচনীয়,,11,1721
修,discipline    শৃঙ্খলা,,10,1722
珍,rare    বিরল,,9,1723
診,checkup    স্বাস্থ্য পরীক্ষা,,12,1724
文,sentence    বাক্য,,4,1725
対,"vis-a-vis    তুলনায়, প্রসঙ্গে, বিপরীতে",,7,1726
紋,family crest    পারিবারিক প্রতীক,,10,1727
蚊,mosquito    মশা,,10,1728
斉,adjusted     সামঞ্জস্যপূর্ণ করা হয়েছে,,8,1729
剤,dose    মাত্রা,,10,1730
済,finish    শেষ করা,,11,1731
斎,purification    বিশুদ্ধকরণ,,11,1732
粛,solemn    গম্ভীর,,11,1733
塁,bases    ভিত্তি,,12,1734
楽,music    সঙ্গীত,,13,1735
薬,medicine    ওষুধ,,16,1736
率,ratio    অনুপাত,,11,1737
渋,astringent    সংকোচক,,11,1738
摂,vicarious    পরোক্ষ,,13,1739
央,center    কেন্দ্র,,5,1740
英,England    ইংল্যান্ড,,8,1741
映,reflect    প্রতিফলিত করা,,9,1742
赤,red    লাল,,7,1743
赦,pardon    ক্ষমা,,11,1744
変,unusual    অস্বাভাবিক,,9,1745
跡,tracks    রেলপথের লাইন,,13,1746
蛮,barbarian    বর্বর,,12,1747
恋,romance    রোমান্স,,10,1748
湾,gulf    উপসাগর,,12,1749
黄,yellow    হলুদ,,11,1750
横,sideways    পাশাপাশি,,15,1751
把,grasp    মুঠিতে ধরা,,7,1752
色,color    রঙ,,6,1753
絶,discontinue    বন্ধ করা,,12,1754
艶,glossy    চকচকে,,19,1755
肥,fertilizer    সার,,8,1756
甘,sweet    মিষ্টি,,5,1757
紺,navy blue    গাঢ় নীল,,11,1758
某,so-and-so    অমুক,"certain, some, a certain person, unnamed",9,1759
謀,conspire    ষড়যন্ত্র করা,,16,1760
媒,mediator    মধ্যস্থতাকারী,,12,1761
欺,deceit    প্রতারণা,,12,1762
棋,chess piece    দাবার ঘুঁটি,,12,1763
旗,national flag    জাতীয় পতাকা,,14,1764
期,period    সময়কাল,,12,1765
碁,Go,Go (Japanese board game),13,1766
基,fundamentals    মৌলিক বিষয়সমূহ,,11,1767
甚,tremendously    অত্যন্ত,,9,1768
勘,intuition    অন্তর্দৃষ্টি,,11,1769
堪,withstand    মোকাবিলা করা,,12,1770
貴,precious    মূল্যবান,,12,1771
遺,bequeath    উইল করে দিয়ে যাওয়া,,15,1772
遣,dispatch    প্রেরণ করা,,13,1773
舞,dance    নাচ,,15,1774
無,nothingness    অস্তিত্বহীনতা,"nothing, without, absence, none",12,1775
組,association    সমিতি,,11,1776
粗,coarse    অমসৃণ,,11,1777
租,tariff    শুল্ক,,10,1778
祖,ancestor    পূর্বপুরুষ,,9,1779
阻,thwart    ব্যর্থ করা,,8,1780
査,investigate    তদন্ত করা,,9,1781
助,help    সাহায্য,,7,1782
宜,best regards    শুভেচ্ছান্তে,,8,1783
畳,tatami mat    তাতামি মাদুর,,12,1784
並,row    সারি,"line up, ordinary, average, parallel",8,1785
普,universal    সর্বজনীন,,12,1786
譜,musical score    সঙ্গীতলিপি,,19,1787
湿,damp    স্যাঁতসেঁতে,,12,1788
顕,appear    উপস্থিত হওয়া,,18,1789
繊,slender    ছিপছিপে,,17,1790
霊,spirits    আত্মা,,15,1791
業,profession    পেশা,,13,1792
撲,slap    চড় মারা,,15,1793
僕,me    আমাকে,,14,1794
共,together    একসাথে,,6,1795
供,submit    জমা দিন,,8,1796
異,uncommon    অসাধারণ,,11,1797
翼,wing    ডানা,,17,1798
洪,deluge    মহাপ্লাবন,,9,1799
港,harbor    আশ্রয় দেওয়া,,12,1800
暴,outburst    বিস্ফোরণ,,15,1801
爆,bomb    বোমা,,19,1802
恭,respect    সম্মান,,10,1803
選,elect    নির্বাচন করা,,15,1804
殿,Mr.    জনাব,,13,1805
井,well    আচ্ছা,,4,1806
囲,surround    পরিবেষ্টন করা,,7,1807
耕,till    পর্যন্ত,,10,1808
亜,Asia    এশিয়া,"Asia, rank below, second, sub-",7,1809
悪,bad    খারাপ,,11,1810
円,circle    বৃত্ত,,4,1811
角,angle    কোণ,,7,1812
触,contact    যোগাযোগ,,13,1813
解,unravel    উন্মোচন,,13,1814
再,again    আবার,,6,1815
講,lecture    বক্তৃতা,,17,1816
購,subscription    সাবস্ক্রিপশন,,17,1817
構,posture    শারীরিক ভঙ্গি,,14,1818
溝,gutter    নর্দমা,,13,1819
論,argument    যুক্তি,,15,1820
倫,ethics    নীতিশাস্ত্র,,10,1821
輪,wheel    চাকা,,15,1822
偏,partial    আংশিক,,11,1823
遍,everywhere    সর্বত্র,,12,1824
編,compilation    সংকলন,,15,1825
冊,tome    মোটা বই,"book, volume, counter for books",5,1826
典,code    নিয়মাবলী,"code, rule, ceremony, book, classic",8,1827
氏,family name    পদবী,,4,1828
紙,paper    কাগজ,,10,1829
婚,marriage    বিবাহ,,11,1830
低,lower    নিচু,,7,1831
抵,resist    প্রতিরোধ করা,,8,1832
底,bottom    নিচের অংশ,,8,1833
民,people    মানুষ,,5,1834
眠,sleep    ঘুম,,10,1835
捕,catch    ধরা,,10,1836
浦,bay    উপসাগর,,10,1837
蒲,bullrush    হোগলা,,13,1838
舗,shop    দোকান,,15,1839
補,supplement    পরিপূরক,,12,1840
邸,residence    বাসস্থান,,8,1841
郭,enclosure    বেষ্টনী,,11,1842
郡,county    কাউন্টি,,10,1843
郊,outskirts    শহরতলি,,9,1844
部,section    বিভাগ,,11,1845
都,metropolis    মহানগর,,11,1846
郵,mail    ডাক,,11,1847
邦,home country    নিজ দেশ,,7,1848
郷,hometown    নিজ শহর,,11,1849
響,echo    প্রতিধ্বনি,,20,1850
郎,son    ছেলে,,9,1851
廊,corridor    বারান্দা,,12,1852
盾,shield    ঢাল,,9,1853
循,sequential    পর্যায়ক্রমিক,,12,1854
派,"faction    দল, উপদল",,9,1855
脈,vein    শিরা,,10,1856
衆,masses    সাধারণ মানুষ,,12,1857
逓,parcel post    পার্সেল ডাক,,10,1858
段,grade    মান,,9,1859
鍛,forge    জাল করা,,17,1860
后,empress    সম্রাজ্ঞী,,6,1861
幻,phantasm    মায়া; বিভ্রম; অলীক দৃশ্য,,4,1862
司,director    পরিচালক,,5,1863
伺,pay respects    শ্রদ্ধা নিবেদন করা,,7,1864
詞,parts of speech    পদ,,12,1865
飼,domesticate    পোষ মানানো,,13,1866
嗣,heir    উত্তরাধিকারী,,13,1867
舟,boat    নৌকা,,6,1868
舶,liner    লাইনার,,11,1869
航,navigate    পরিচালনা করা,,10,1870
般,carrier    বাহক,,10,1871
盤,tray    ট্রে,,15,1872
搬,conveyor    কনভেয়ার,,13,1873
船,ship    জাহাজ,,11,1874
艦,warship    যুদ্ধজাহাজ,,21,1875
艇,rowboat    বৈঠার নৌকা,,13,1876
瓜,melon    তরমুজ বা খরমুজ,,6,1877
弧,arc    বৃত্তচাপ,,9,1878
孤,orphan    এতিম,,9,1879
繭,cocoon    রেশমের গুটি,,18,1880
益,benefit    সুবিধা,,10,1881
暇,spare time    অবসর সময়,,13,1882
敷,spread    ছড়িয়ে পড়া,,15,1883
来,come    আসা,,7,1884
気,spirit    আত্মা,,6,1885
汽,vapor    বাষ্প,,7,1886
飛,fly    উড়া,,9,1887
沈,sink    বেসিন,,7,1888
妻,wife    স্ত্রী,,8,1889
衰,decline    হ্রাস,,10,1890
衷,inmost    অন্তরতম,,9,1891
面,mask    মুখোশ,,9,1892
革,leather    চামড়া,,9,1893
靴,shoes    জুতো,,13,1894
覇,hegemony    আধিপত্য,,19,1895
声,voice    কণ্ঠস্বর,,7,1896
呉,give    দেওয়া,,7,1897
娯,recreation    বিনোদন,,10,1898
誤,mistake    ভুল,,14,1899
蒸,steam    বাষ্প,,13,1900
承,acquiesce    মেনে নেওয়া,,8,1901
函,bin    বিন,"box, case, container, letter",8,1902
極,poles    খুঁটি,,12,1903
牙,tusk    দন্ত,"fang, tusk, canine tooth",4,1904
芽,bud    কুঁড়ি,,8,1905
邪,wicked    দুষ্ট,,8,1906
雅,gracious    সৌজন্যশীল,,13,1907
釈,explanation    ব্যাখ্যা,,11,1908
番,turn    ঘোরা,,12,1909
審,hearing    শুনানি,,15,1910
翻,flip    উল্টানো,,18,1911
藩,clan    গোত্র,,18,1912
毛,fur    পশম,,4,1913
耗,decrease    হ্রাস,,10,1914
尾,tail    লেজ,,7,1915
宅,home    ঘর,,6,1916
託,consign    সোপর্দ করা,,10,1917
為,do    করা,"for, benefit, become, do, cause",9,1918
偽,falsehood    মিথ্যা,,11,1919
長,long    দীর্ঘ,,8,1920
張,lengthen    দীর্ঘ করা,,11,1921
帳,notebook    নোটবুক,,11,1922
脹,dilate    প্রসারিত করা,,12,1923
髪,hair of the head    মাথার চুল,,14,1924
展,unfold    উন্মোচন করা,,10,1925
喪,miss    মিস,"mourning, loss, funeral, bereavement",12,1926
巣,nest    বাসা,,11,1927
単,simple    সহজ,,9,1928
戦,war    যুদ্ধ,,13,1929
禅,Zen,"Zen, meditation, Zen Buddhism",13,1930
弾,bullet    বন্দুকের গুলি,,12,1931
桜,cherry tree    চেরি গাছ,,10,1932
獣,animal    প্রাণী,,16,1933
脳,brain    মস্তিষ্ক,,11,1934
悩,trouble    সমস্যা,,10,1935
厳,stern    কঠোর,,17,1936
鎖,chain    শিকল,,18,1937
挙,raise    উত্তোলন করা,,10,1938
誉,reputation    খ্যাতি,,13,1939
猟,game hunting    শিকার,,11,1940
鳥,bird    পাখি,,11,1941
鳴,chirp    কিচিরমিচির,,14,1942
鶴,crane    ক্রেন,,21,1943
烏,crow    কাক,,10,1944
蔦,vine    লতা,,14,1945
鳩,pigeon    কবুতর,,13,1946
鶏,chicken    মুরগি,,19,1947
島,island    দ্বীপ,,10,1948
暖,warmth    উষ্ণতা,,13,1949
媛,beautiful woman    সুন্দরী নারী,,12,1950
援,abet    অপকর্মে সহায়তা করা,,12,1951
緩,slacken    শিথিল করা,,15,1952
属,belong    অন্তর্ভুক্ত হওয়া,,12,1953
嘱,entrust    ভার অর্পণ করা,,15,1954
偶,accidentally    অসাবধানতাবশত,,11,1955
遇,interview    সাক্ষাৎকার,,12,1956
愚,foolish    বোকা,,13,1957
隅,corner    কোণ,,12,1958
逆,inverted    উল্টানো,,9,1959
塑,model    মডেল,,13,1960
岡,Mount    টিলা,,8,1961
鋼,steel    ইস্পাত,,16,1962
綱,hawser    ভারী দড়ি,,14,1963
剛,sturdy    শক্তপোক্ত,"strong, hard, sturdy, tough",10,1964
缶,tin can    টিনের কৌটা,,6,1965
陶,pottery    মৃৎশিল্প,,11,1966
揺,swing    দোলন,,12,1967
謡,Noh chanting    উতাই (নো-এর গীত),"chant, sing, ballad, Noh chant",16,1968
就,concerning    সংক্রান্ত,,12,1969
懇,sociable    মিশুক,,17,1970
墾,groundbreaking    যুগান্তকারী,,16,1971
免,excuse    অজুহাত,,8,1972
逸,elude    এড়িয়ে যাওয়া,,11,1973
晩,nightfall    সন্ধ্যা,,12,1974
勉,exertion    কঠোর প্রচেষ্টা,,10,1975
象,elephant    হাতি,,12,1976
像,statue    মূর্তি,,14,1977
馬,horse    ঘোড়া,,10,1978
駒,pony    টুনি ঘোড়া,,15,1979
験,verification    যাচাইকরণ,,18,1980
騎,equestrian    অশ্বারোহী,,18,1981
駐,parking    পার্কিং,,15,1982
駆,drive    চালানো,,14,1983
駅,station    স্টেশন,,14,1984
騒,boisterous    উচ্ছল ও কোলাহলপূর্ণ,,18,1985
駄,"burdensome    ভারী, কষ্টকর, বোঝা-স্বরূপ",,14,1986
驚,wonder     আশ্চর্য,,22,1987
篤,fervent    অত্যন্ত আবেগপূর্ণ,,16,1988
騰,inflation    মুদ্রাস্ফীতি,,20,1989
虎,tiger    বাঘ,,8,1990
虜,captive    বন্দী,,13,1991
膚,skin    ত্বক,,15,1992
虚,void    বাতিল,,11,1993
戯,frolic    উচ্ছ্বাসপূর্ণ খেলাধুলা,,15,1994
虞,uneasiness    অস্বস্তি,,13,1995
慮,prudence    বিচক্ষণতা,,15,1996
劇,drama    নাটক,,15,1997
虐,tyrannize    অত্যাচার করা,,9,1998
鹿,deer    হরিণ,,11,1999
薦,recommend    সুপারিশ করা,,16,2000
慶,jubilation    উল্লাস,,15,2001
麗,lovely    চমৎকার,,19,2002
熊,bear    ভালুক,,14,2003
能,ability    ক্ষমতা,,10,2004
態,attitude    মনোভাব,,14,2005
寅,sign of the tiger    বাঘের চিহ্ন,"Tiger (Chinese zodiac), 3rd Earthly Branch",11,2006
演,performance    কর্মক্ষমতা,,14,2007
辰,sign of the dragon    ড্রাগনের চিহ্ন,,7,2008
辱,embarrass    বিব্রত করা,,10,2009
震,quake    ভূমিকম্প,,15,2010
振,shake    ঝাঁকানো,,10,2011
娠,with child    গর্ভবতী,,10,2012
唇,lips    ঠোঁট,,10,2013
農,agriculture    কৃষি,,13,2014
濃,concentrated    ঘনীভূত,,16,2015
送,send off    বিদায় জানানো,,9,2016
関,connection    সংযোগ,,14,2017
咲,blossom    ফুল ফোটা,,9,2018
鬼,ghost    ভূত,,10,2019
醜,ugly    কুৎসিত,,17,2020
魂,soul    আত্মা,"soul, spirit, ghost",14,2021
魔,witch    ডাইনি,,21,2022
魅,fascination    মুগ্ধতা,,15,2023
塊,clod    মাটির ডেলা,,13,2024
襲,attack    আক্রমণ,,22,2025
嚇,upbraid    তিরস্কার করা,,17,2026
朕,majestic plural    মহিমান্বিত বহুবচন,,10,2027
雰,atmosphere    বায়ুমণ্ডল,,12,2028
箇,item    আইটেম,,14,2029
錬,tempering    টেম্পারিং,,16,2030
遵,abide by    মেনে চলা,,15,2031
罷,quit    ত্যাগ করা,,15,2032
屯,barracks    ব্যারাক,,4,2033
且,moreover    তাছাড়া,,5,2034
藻,seaweed    সামুদ্রিক শৈবাল,,19,2035
隷,slave    দাস,,16,2036
癒,healing    নিরাময়,,18,2037
丹,cinnabar    সিঁদুর,"cinnabar, vermilion, red, sincerity",4,2038
潟,lagoon    উপহ্রদ,,15,2039
丑,sign of the cow    গরুর চিহ্ন,,5,2040
卯,sign of the hare    খরগোশের চিহ্ন,,5,2041
巳,sign of the snake    সর্প-চিহ্ন,,3,2042
此,this here    এটা,,6,2043
柴,brushwood    ঝোপঝাড় ও ছোট ডালপালা,,10,2044
砦,fort    দুর্গ,,11,2045
些,whit    সামান্য পরিমাণ,,8,2046
髭,beard    দাড়ি,,17,2047
璃,crystal    স্ফটিক,,14,2048
禽,fowl    গৃহপালিত পাখি,,13,2049
檎,apple    আপেল,,17,2050
憐,sympathize with    sympathize with,,15,2051
燐,phosphorus    ফসফরাস,,16,2052
麟,camelopard    camelopard,,23,2053
鱗,scaled    পরিমাপ করা হয়েছে এমন,,23,2054
奄,encompassing    অন্তর্ভুক্তকারী,,8,2055
庵,hermitage    আশ্রম,,11,2056
掩,shrouded    আবৃত,,11,2057
俺,myself    আমি নিজে,,10,2058
悛,make amends    ক্ষতিপূরণ করা,,10,2059
駿,steed    তেজী ঘোড়া,"excellent, fast horse, talented",17,2060
峻,steep    খাড়া,,10,2061
竣,complete a job    একটি কাজ সম্পন্ন করা,,12,2062
臼,mortar    মর্টার,,6,2063
舅,father-in-law    শ্বশুর,,13,2064
鼠,mouse    মাউস,,13,2065
鑿,bore    বিরক্ত করা,,28,2066
毀,break    বিরতি,,13,2067
艘,small craft    ছোট জলযান,,16,2068
犀,rhinoceros    গণ্ডার,,11,2069
皐,lunar month    চন্দ্র মাস,,11,2070
脊,spinal column    মেরুদণ্ড,,10,2071
畷,rice-field footpath    ধানক্ষেতের আলপথ,,13,2072
綴,mend    মেরামত করা,,14,2073
爾,let it be    যেমন আছে তেমনই থাকতে দিন,,14,2074
璽,imperial seal    সাম্রাজ্যিক সিলমোহর,,19,2075
鎧,suit of armor    বর্ম,,18,2076
凱,triumph    বিজয়,,12,2077
妖,bewitched    মুগ্ধ,,7,2078
沃,irrigate    সেচ দেওয়া,,7,2079
呑,quaff    ঢকঢক করে পান করা,,7,2080
韮,leek    পেঁয়াজ,"Chinese chives, garlic chives",12,2081
籤,lottery    লটারি,,23,2082
懺,penitential    অনুতাপসূচক,,20,2083
芻,hay    খড়,,10,2084
雛,chick    মুরগির ছানা,,18,2085
趨,scurry    দৌড় করানো,"hasten, move toward, trend",17,2086
尤,understandably    স্বাভাবিকভাবেই,,4,2087
稽,training    প্রশিক্ষণ,,16,2088
厖,immense    বিশাল,,9,2089
采,grab    ধরা,,8,2090
或,a    কিছু,"some, a certain, or",8,2091
斬,chop off    কেটে ফেলা,,11,2092
兎,rabbit    খরগোশ,,7,2093
也,est    সর্বোত্তম,,3,2094
尭,lofty    মহৎ,"high, lofty, noble, Yao (ancient Chinese emperor)",8,2095
巴,comma-design    কমা-নকশা,"comma-shaped swirl, tomoe symbol, whirlpool",4,2096
甫,offspring    সন্তান,,7,2097
疋,critters    প্রাণী,,5,2098
菫,violet    বেগুনি,,12,2099
曼,mandala    mandala,"long, extended, graceful, wide",11,2100
巾,towel    তোয়ালে,,3,2101
云,quote    উদ্ধৃতি,,4,2102
卜,augury    পূর্বাভাস,,2,2103
喬,heaven-high    স্বর্গ-উচ্চ,,12,2104
莫,shalt    শাল্ট,,10,2105
倭,Yamato    ইয়ামাতো,,10,2106
侠,chivalry    বীরত্ব,,8,2107
倦,fed up    বিরক্ত,,11,2108
佼,comely    সুন্দর,,8,2109
俄,abrupt    আকস্মিক,,9,2110
佃,work a field    একটি ক্ষেত্র কাজ করুন,,7,2111
伶,minstrel    মিনস্ট্রেল,,7,2112
仔,animal offspring    পশু সন্তান,,5,2113
仇,foe    শত্রু,,4,2114
伽,look after    দেখাশোনা,,7,2115
僅,trifle    trifle,,12,2116
僻,biased    পক্ষপাতদুষ্ট,,15,2117
儲,make a profit    একটি লাভ করা,,17,2118
倖,bliss    আনন্দ,,10,2119
僑,emigrant    অভিবাসী,,14,2120
侶,partner    অংশীদার,,9,2121
伎,performing artist    অভিনয় শিল্পী,,6,2122
侃,integrity    সততা,,8,2123
倶,mate    সঙ্গী,,10,2124
侭,as is    যেমন আছে,,8,2125
佑,adjutant    সহায়ক,,7,2126
俣,fork in a road    একটি রাস্তায় কাঁটাচামচ,,9,2127
傭,hire    ভাড়া,,13,2128
偲,memorial    স্মারক,,11,2129
脩,dried meat    শুকনো মাংস,,11,2130
倅,my son    আমার ছেলে,,10,2131
做,make do    করা,,11,2132
凄,nifty    নিফটি,,10,2133
冴,sharp    তীক্ষ্ণ,,7,2134
凋,wilt    উইল্ট,,10,2135
凌,pull through    মাধ্যমে টান,,10,2136
冶,metallurgy    ধাতুবিদ্যা,,7,2137
凛,stately    রাষ্ট্রীয়ভাবে,,15,2138
凧,kite    ঘুড়ি,,5,2139
凪,lull    শান্ত,,6,2140
夙,earlybird    প্রারম্ভিক পাখি,,6,2141
鳳,phoenix    ফিনিক্স,,14,2142
劉,slaughter    বধ,,15,2143
刹,moment    মুহূর্ত,,8,2144
剥,peel off    খোসা বন্ধ করা,,10,2145
剃,shave    শেভ,,9,2146
匂,aroma    সুবাস,,4,2147
勾,flexed    নমনীয়,,4,2148
厭,despondent    হতাশ,,14,2149
雁,wild goose    বন্য হংস,,12,2150
贋,counterfeit    নকল,,19,2151
厨,kitchen    রান্নাঘর,,12,2152
仄,insinuate    নির্দেশ করা,,4,2153
哨,scout    স্কাউট,,10,2154
嘲,derision    উপহাস,,15,2155
咎,reprehend    নিন্দা করা,,8,2156
囁,whisper    ফিসফিস,,21,2157
喋,chatter    বকবক,,12,2158
咽,windpipe    বায়ুনালী,,9,2159
嘩,quarrel    ঝগড়া,,13,2160
噂,gossip    গসিপ,,15,2161
咳,cough    কাশি,,9,2162
喧,clamor    কোলাহল,,12,2163
喉,throat    গলা,,12,2164
唾,saliva    লালা,,11,2165
叩,bash    বাশ,,5,2166
嘘,fib    fib,,14,2167
啄,peck at    খোঁচা,,10,2168
呪,curse    অভিশাপ,,8,2169
吠,barking    ঘেউ ঘেউ,,7,2170
吊,dangle    ঝুলানো,,6,2171
噛,chew    চিবানো,,15,2172
叶,within my ability    আমার সামর্থ্যের মধ্যে,,5,2173
吻,sides of the mouth    মুখের দিক,,7,2174
吃,stammer    হট্টগোল,,6,2175
噺,spin a tale    একটি গল্প ঘুরান,,16,2176
噌,miso    miso,,14,2177
唄,pop song    পপ গান,,10,2178
叱,scold    তিরস্কার,,5,2179
邑,city walls    শহরের দেয়াল,,6,2180
呆,dumbfounded    হতবাক,,7,2181
喰,ingest    খাওয়া,,12,2182
埴,clay    কাদামাটি,,11,2183
坤,authochthonous    অথোথোনাস,,8,2184
堆,piled high    উচ্চ স্তূপ,,11,2185
壕,dugout    ডাগআউট,,17,2186
垢,blemish    দাগ,,9,2187
坦,flat    সমতল,,8,2188
埠,wharf    ঘাট,,11,2189
填,stuff up    স্টাফ আপ,,13,2190
堰,dam    বাঁধ,,12,2191
堵,railing    রেলিং,,11,2192
嬰,suckling infant    দুধ খাওয়া শিশু,,17,2193
姦,violate    লঙ্ঘন,,9,2194
妬,jealous    ঈর্ষান্বিত,,8,2195
婢,handmaiden    handmaiden,,11,2196
婉,well finished    ভাল সমাপ্ত,,11,2197
娼,harlot    বেশ্যা,,11,2198
妓,courtesan    গণিকা,,7,2199
娃,fair    ন্যায্য,,9,2200
姪,niece    ভাতিজি,,9,2201
嫉,envy    ঈর্ষা,,13,2202
嬬,mistress    উপপত্নী,,17,2203
姥,aged woman    বয়স্ক মহিলা,,9,2204
姑,mother-in-law    শাশুড়ি,,8,2205
姐,young miss    তরুণ মিস,,8,2206
嬉,overjoyed    আনন্দিত,,15,2207
孕,expecting    প্রত্যাশা,,5,2208
孜,assiduous    পরিশ্রমী,,7,2209
宥,soothe    শান্ত করা,,9,2210
寓,imply    বোঝানো,,12,2211
宏,extensive    ব্যাপক,,7,2212
牢,jail    জেল,,7,2213
塞,block up    ব্লক আপ,,13,2214
宋,Sung dynasty    সুং রাজবংশ,,7,2215
宍,venison    ভেনিসন,,7,2216
屠,butchering    কসাই,,11,2217
屁,fart    ফার্ট,,7,2218
屑,rubbish    আবর্জনা,,10,2219
尻,buttocks    নিতম্ব,,5,2220
屡,frequently    ঘন ঘন,,12,2221
屍,corpse    মৃতদেহ,,9,2222
屏,folding screen    ভাঁজ পর্দা,,9,2223
嵩,high-reaching    উচ্চগামী,,13,2224
崚,rugged mountains    রুক্ষ পাহাড়,,11,2225
峨,high mountain    উচ্চ পর্বত,,10,2226
崖,bluffs    bluffs,,11,2227
嶺,mountaintop    পর্বতচূড়া,,17,2228
嵌,fit into    মধ্যে মাপসই করা,,12,2229
嵯,rocky    পাথুরে,,13,2230
帖,quire    জিজ্ঞাসা,,8,2231
幡,banner    ব্যানার,,15,2232
幟,pennant    পেন্যান্ট,,15,2233
庖,cleaver    ক্লেভার,,8,2234
廓,licensed quarters    লাইসেন্সকৃত কোয়ার্টার,,14,2235
庇,overhang    overhang,,7,2236
鷹,hawk    বাজপাখি,,24,2237
庄,shire    শিয়ার,,6,2238
廟,tomb sanctuary    সমাধি অভয়ারণ্য,,15,2239
彊,strengthen    শক্তিশালী করা,,16,2240
弥,more and more    আরো এবং আরো,,8,2241
弛,loosen    আলগা করা,,6,2242
粥,rice gruel    চালের গুঁড়ো,,12,2243
挽,lathe    লেদ,,10,2244
撞,bump into    মধ্যে আচমকা,,15,2245
扮,disguise    ছদ্মবেশ,,7,2246
掠,pillage    লুটপাট,,11,2247
挨,shove    ধাক্কা,,10,2248
掴,clutch    ছোঁ,,11,2249
捺,impress    প্রভাবিত,,11,2250
捻,wrenching    wrenching,,11,2251
掻,scratch    আঁচড়,,11,2252
撰,assortment    ভাণ্ডার,,15,2253
拭,wipe    মুছা,,9,2254
揃,muster    জমা,,12,2255
捌,deal with    মোকাবেলা,,10,2256
撹,churn up    মন্থন করা,,15,2257
摺,rubbing    ঘষা,,14,2258
按,press down on    নিচে চাপুন,,9,2259
捉,nab    ধরা,,10,2260
拶,imminent    আসন্ন,,9,2261
播,disseminate    প্রচার করা,,15,2262
揖,interpretation    ব্যাখ্যা,,12,2263
托,receptable    গ্রহণযোগ্য,,6,2264
捧,dedicate (RTK3)    উৎসর্গ (RTK3),,11,2265
撚,twirl    ঘূর্ণায়মান,,15,2266
挺,counter for tools    সরঞ্জাম জন্য কাউন্টার,,10,2267
擾,commotion    হৈচৈ,,18,2268
捗,make headway    অগ্রগতি করা,,10,2269
撫,petting    পোষা,,15,2270
撒,sprinkle    ছিটান,,15,2271
擢,outstanding    অসামান্য,,17,2272
捷,spoils    লুণ্ঠন,,11,2273
抉,gouge out    গজ আউট,,7,2274
怯,wince    wince,,8,2275
惟,ponder    চিন্তা,,11,2276
惚,infatuation    মোহ,,11,2277
怜,quickwitted    দ্রুতবুদ্ধিসম্পন্ন,,8,2278
惇,considerate    বিবেচ্য,,11,2279
憧,yearn    আকুল,,15,2280
恰,as if    যেন,,9,2281
恢,enlarge    বড় করা,,9,2282
悌,respect for elders    বড়দের প্রতি শ্রদ্ধা,,10,2283
湧,bubble up    বুদ্বুদ আপ,,12,2284
澪,canal    খাল,,16,2285
洸,glistening    চকচকে,,9,2286
滉,bounding main    আবদ্ধ প্রধান,,13,2287
漱,gargle    গার্গল,,14,2288
洲,continent    মহাদেশ,,9,2289
洵,swirling waters    ঘূর্ণায়মান জল,,9,2290
滲,seep    ঝরা,,14,2291
洒,rinse    ধুয়ে ফেলা,,9,2292
沐,douse    ডুস,,7,2293
泪,teardrops    চোখের জল,,8,2294
渾,gushing    gushing,,12,2295
沙,grains of sand    বালির দানা,,7,2296
涜,blaspheme    নিন্দা,,10,2297
淫,lewd    অশ্লীল,,11,2298
梁,roofbeam    ছাদের বীম,,11,2299
澱,sediment    পলল,,16,2300
氾,widespread    ব্যাপক,,5,2301
洛,old Kyoto    পুরানো কিয়োটো,,9,2302
汝,thou    তুমি,,6,2303
漉,filter    ফিল্টার,,14,2304
瀕,on the verge of    প্রান্তে,,20,2305
濠,moat    পরিখা,,17,2306
溌,spray    স্প্রে,,12,2307
溺,drowning    ডুবে যাওয়া,,13,2308
湊,port    বন্দর,,12,2309
淋,solitude    নির্জনতা,,11,2310
浩,abounding    প্রচুর,,10,2311
汀,water's edge    জলের প্রান্ত,,5,2312
鴻,large goose    বড় হংস,,17,2313
潅,souse    souse,,14,2314
溢,brimming    brimming,,13,2315
汰,cleanse    পরিষ্কার করা,,7,2316
湛,inundate    প্লাবিত,,12,2317
淳,immaculate    নিষ্পাপ,,11,2318
潰,defile    অপবিত্র করা,,15,2319
渥,moisten    আর্দ্র করা,,12,2320
灘,rough seas    রুক্ষ সমুদ্র,,21,2321
汲,draw water    জল আঁকা,,7,2322
瀞,river pool    নদীর পুল,,17,2323
溜,cumulation    সঞ্চয়,,13,2324
渕,abyss    অতল,,11,2325
沌,chaos    বিশৃঙ্খলা,,7,2326
汎,pan    প্যান,,6,2327
濾,strainer    ছাঁকনি,,18,2328
濡,drench    ভিজানো,,17,2329
淀,eddy    এডি,,11,2330
涅,fabrication    বানোয়াট,,10,2331
釜,cauldron    কড়াই,,10,2332
斧,hatchet    হ্যাচেট,,8,2333
爺,grandpa    দাদা,,13,2334
猾,sly    ধূর্ত,,13,2335
猥,indecent    অশালীন,,12,2336
狡,cunning    ধূর্ত,,9,2337
狸,racoon dog    রেকুন কুকুর,,10,2338
狼,wolf    নেকড়ে,,10,2339
狽,flustered    হতবাক,,10,2340
狗,pup    কুকুরছানা,,8,2341
狐,fox    শিয়াল,,9,2342
狛,a-un    a-আন,,8,2343
狙,aim at    লক্ষ্য করা,,8,2344
獅,lion    সিংহ,,13,2345
狒,baboon    বেবুন,,8,2346
莨,tobacco    তামাক,,11,2347
茉,jasmine    জুঁই,,8,2348
莉,hawthorn    Hawthorn,,10,2349
苺,strawberry    স্ট্রবেরি,,9,2350
萩,bush clover    গুল্ম ক্লোভার,,12,2351
藝,technique [old]    কৌশল [পুরানো],,19,2352
薙,trim    ছাঁটা,,16,2353
蓑,straw raincoat    খড় রেইনকোট,,13,2354
萎,numb    অসাড়,,11,2355
苔,moss    শ্যাওলা,,8,2356
蕩,prodigal    অপব্যয়ী,,15,2357
蔽,cover over    আচ্ছাদন,,16,2358
蔓,tendril    টেন্ড্রিল,,14,2359
蓮,lotus    পদ্ম,,12,2360
芙,lotus flower    পদ্ম ফুল,,7,2361
蓉,lotus blossom    পদ্মফুল,,13,2362
蘭,orchid    অর্কিড,,19,2363
芦,hollow reed    ফাঁপা খাগড়া,,7,2364
薯,yam    yam,,17,2365
菖,iris    আইরিস,,11,2366
蕉,banana    কলা,,15,2367
芯,wick    বাতি,,8,2368
蕎,buckwheat    বকউইট,,15,2369
蕗,butterbur    বাটারবার,,16,2370
藍,indigo    নীল,,18,2371
茄,eggplant    বেগুন,,8,2372
苛,bullying    গুন্ডামি,,8,2373
蔭,behind the scenes    পর্দার আড়ালে,,13,2374
蓬,wormwood    কৃমি কাঠ,,14,2375
芥,mustard    সরিষা,,7,2376
萌,germinate    অঙ্কুরিত,,11,2377
葡,grape    আঙ্গুর,,12,2378
萄,grape vine    আঙ্গুর লতা,,11,2379
蘇,resurrect    পুনরুত্থিত,,19,2380
蕃,grow wild    বন্য হত্তয়া,,16,2381
苓,cocklebur    cocklebur,,8,2382
菰,rush mat    রাশ মাদুর,,12,2383
蒙,darken    অন্ধকার করা,,14,2384
茅,grassy reed    ঘাসযুক্ত খাগড়া,,8,2385
芭,plantain    কলা,,7,2386
苅,mow    কাটা,,7,2387
蓋,lid    ঢাকনা,,14,2388
葱,onion    পেঁয়াজ,,12,2389
蔑,revile    নিন্দা করা,,13,2390
葵,hollyhock    হলিহক,,12,2391
葺,shingling    শিহরণ,,12,2392
蕊,stamen    পুংকেশর,,15,2393
茸,mushroom    মাশরুম,,9,2394
蒔,sowing    বপন,,13,2395
芹,parsley    পার্সলে,,7,2396
苫,thatching    খাস,,8,2397
葛,kudzu    কুদজু,,12,2398
蒼,pale blue    ফ্যাকাশে নীল,,14,2399
藁,straw    খড়,,17,2400
蕪,turnip    শালগম,,15,2401
藷,sweet potato    মিষ্টি আলু,,18,2402
薮,quack    কুয়াক,,16,2403
蒜,garlic    রসুন,,13,2404
蕨,bracken    ব্র্যাকেন,,15,2405
蔚,grow plentiful    প্রচুর হত্তয়া,,14,2406
茜,madder red    madder লাল,,9,2407
莞,candle rush    মোমবাতির ভিড়,,10,2408
蒐,collector    সংগ্রাহক,,14,2409
菅,sedge    সেজ,,11,2410
葦,ditch reed    খাগড়া খাগড়া,,13,2411
迪,Way    পথ,,7,2412
辿,track down    ট্র্যাক ডাউন,,5,2413
這,crawl    ক্রল,,9,2414
迂,detour    চক্কর,,5,2415
遁,elude (RTK3)    এলুড (RTK3),,11,2416
逢,tryst    চেষ্টা,,9,2417
遥,far off    দূরে,,11,2418
遼,remote (RTK3)    দূরবর্তী (RTK3),,14,2419
逼,pressing    টিপে,,11,2420
迄,until    পর্যন্ত,,5,2421
遜,modest    বিনয়ী,,12,2422
逗,standstill    স্থবির,,9,2423
郁,cultured    সংস্কৃতিবান,,8,2424
鄭,courtesy    সৌজন্য,,14,2425
隙,chink    চিঙ্ক,,13,2426
隈,nook    nook,,12,2427
憑,possessed    আবিষ্ট,,16,2428
惹,attract    আকর্ষণ,,13,2429
悉,without exception    ব্যতিক্রম ছাড়া,,11,2430
忽,instantaneously    তাৎক্ষণিকভাবে,,8,2431
惣,firstborn son    প্রথমজাত পুত্র,,12,2432
愈,in the nick of time    সময়ের নিক,,13,2433
恕,sensitive    সংবেদনশীল,,10,2434
昴,overarching    overarching,,9,2435
晋,progress    অগ্রগতি,,10,2436
曖,equivocal    দ্ব্যর্থহীন,,17,2437
晟,aglow    চকচকে,,11,2438
暈,halo    halo,,13,2439
暉,glitter    চকচকে,,13,2440
旱,dry weather    শুষ্ক আবহাওয়া,,7,2441
晏,clear skies    পরিষ্কার আকাশ,,10,2442
晨,morrow    আগামীকাল,,11,2443
晒,bleaching    ব্লিচিং,,10,2444
昧,obscure    অস্পষ্ট,,9,2445
晃,limpid    limpid,,10,2446
曝,air out    বায়ু আউট,,19,2447
曙,dawn    ভোর,,17,2448
昂,elevate    উন্নত করা,,8,2449
旺,effulgent    উজ্জ্বল,,8,2450
昏,dusk    সন্ধ্যা,,8,2451
晦,last day of the month    মাসের শেষ দিন,,10,2452
腎,kidney    কিডনি,,13,2453
股,thigh    উরু,,8,2454
膿,pus    পুঁজ,,17,2455
腑,viscera    ভিসেরা,,12,2456
胱,bladder    মূত্রাশয়,,10,2457
胚,embryo    ভ্রূণ,,9,2458
肛,anus    মলদ্বার,,7,2459
臆,cowardice    কাপুরুষতা,,17,2460
膝,knee    হাঁটু,,15,2461
脆,fragile    ভঙ্গুর,,10,2462
肋,rib    পাঁজর,,6,2463
肘,elbow    কনুই,,9,2464
腔,body cavity    শরীরের গহ্বর,,12,2465
腺,gland    গ্রন্থি,,13,2466
腫,tumor    টিউমার,,13,2467
膳,dining tray    ডাইনিং ট্রে,,16,2468
肱,armrest    আর্মরেস্ট,,8,2469
胡,uncivilized    অসভ্য,,9,2470
楓,maple tree    ম্যাপেল গাছ,,13,2471
枕,pillow    বালিশ,,8,2472
楊,purple willow    বেগুনি উইলো,,13,2473
椋,Oriental elm    ওরিয়েন্টাল এলম,,12,2474
榛,hazel    হ্যাজেল,,14,2475
櫛,comb    চিরুনি,,17,2476
槌,wooden hammer    কাঠের হাতুড়ি,,13,2477
樵,mallet    ম্যালেট,,16,2478
梯,ladder    মই,,11,2479
椅,chair    চেয়ার,,12,2480
柿,persimmon    পার্সিমন,,9,2481
柑,citrus tree    সাইট্রাস গাছ,,9,2482
桁,girder    গার্ডার,,10,2483
杭,picket    পিকেট,,8,2484
柊,holly    হলি,,9,2485
柚,citron    সাইট্রন,,9,2486
椀,wooden bowl    কাঠের বাটি,,12,2487
栂,hemlock    হেমলক,,9,2488
柾,spindle tree    টাকু গাছ,,9,2489
榊,sacred Shinto tree    পবিত্র শিন্টো গাছ,,13,2490
樫,evergreen oak    চিরসবুজ ওক,,16,2491
槙,Chinese black pine    চাইনিজ কালো পাইন,,14,2492
楢,Japanese oak    জাপানি ওক,,13,2493
橘,mandarin orange    ম্যান্ডারিন কমলা,,16,2494
桧,Japanese cypress    জাপানি সাইপ্রেস,,10,2495
棲,roost    মোরগ,,12,2496
栖,nestle    নেসলে,,10,2497
梗,spiny    কাঁটাযুক্ত,,11,2498
桔,bellflower    বেলফ্লাওয়ার,,10,2499
杜,temple grove    মন্দিরের বাগান,,7,2500
杷,grain rake    শস্য রেক,,8,2501
梶,oar    oar,,11,2502
杵,wooden pestle    কাঠের মস্তক,,8,2503
杖,cane    বেত,,7,2504
椎,sweet oak    মিষ্টি ওক,,12,2505
樽,barrel    পিপা,,16,2506
柵,palisade    প্যালিসেড,,9,2507
櫓,turret    বুরুজ,,19,2508
橿,sturdy oak    বলিষ্ঠ ওক,,17,2509
杓,wooden ladle    কাঠের মই,,7,2510
李,damson    damson,,7,2511
棉,raw cotton    কাঁচা তুলা,,12,2512
楯,escutcheon    escutcheon,,13,2513
榎,hackberry    হ্যাকবেরি,,14,2514
樺,birch    বার্চ,,14,2515
槍,lance    ল্যান্স,,14,2516
柘,wild mulberry    বন্য তুঁত,,9,2517
梱,bale    বেল,,11,2518
枇,loquat    loquat,,8,2519
樋,downspout    downspout,,14,2520
橇,sled    স্লেজ,,16,2521
槃,enjoyment    উপভোগ,,14,2522
栞,bookmark    বুকমার্ক,,10,2523
椰,coconut tree    নারকেল গাছ,,13,2524
檀,sandalwood    চন্দন,,17,2525
樗,plotosid    প্লটোসিড,,15,2526
槻,zelkova    জেলকোভা,,15,2527
椙,cryptomeria    ক্রিপ্টোমেরিয়া,,12,2528
彬,copious    প্রচুর,,11,2529
桶,bucket    বালতি,,11,2530
楕,ellipse    উপবৃত্ত,,13,2531
樒,star-anise    star- anise,,15,2532
毬,furball    furball,,11,2533
燿,twinkle    পলক,,18,2534
燎,watchfire    ওয়াচফায়ার,,16,2535
炬,torch    টর্চ,,9,2536
焚,kindle    জ্বালানো,,12,2537
灸,moxa    মোক্সা,,7,2538
燭,candlelight    মোমবাতি,,17,2539
煽,fanning    ফ্যানিং,,14,2540
煤,soot    কালি,,13,2541
煉,firing    গুলি,,12,2542
燦,dazzling    চমকপ্রদ,,17,2543
灼,refulgent    refulgent,,7,2544
烙,branding    ব্র্যান্ডিং,,10,2545
焔,flames    শিখা,,12,2546
熔,fuse metal    ফিউজ ধাতু,,14,2547
煎,roast    রোস্ট,,13,2548
烹,stew    স্টু,,10,2549
牽,tug    টাগ,,11,2550
牝,female animal    মহিলা প্রাণী,,6,2551
牡,male animal    পুরুষ পশু,,7,2552
瑶,precious stone    মূল্যবান পাথর,,13,2553
琳,chime    ঝনঝন,,12,2554
瑠,marine blue    সামুদ্রিক নীল,,14,2555
斑,speckled    দাগযুক্ত,,12,2556
琉,lapis lazuli    ল্যাপিস লাজুলি,,11,2557
弄,tinker with    সঙ্গে টিঙ্কার,,7,2558
瑳,burnish    পোড়া,,14,2559
琢,hone    মধু,,11,2560
珊,coral    প্রবাল,,8,2561
瑚,coral reef    প্রবাল প্রাচীর,,13,2562
瑞,fortunate    ভাগ্যবান,,13,2563
珪,silicon    সিলিকন,,10,2564
玖,jet    জেট,,7,2565
瑛,crystal stone    স্ফটিক পাথর,,12,2566
玩,toy    খেলনা,,8,2567
玲,tinkling    tinkling,,9,2568
畏,apprehensive    শঙ্কিত,,9,2569
畢,lastly    অবশেষে,,10,2570
畦,paddy-field ridge    ধান-ক্ষেতের শিলা,,11,2571
痒,itch    চুলকানি,,11,2572
痰,phlegm    কফ,,13,2573
疹,measles    হাম,,10,2574
痔,hemorrhoids    অর্শ্বরোগ,,11,2575
癌,cancer    ক্যান্সার,,17,2576
痩,lose weight    ওজন হারান,,15,2577
痕,scar    দাগ,,11,2578
痺,paralysis    পক্ষাঘাত,,13,2579
眸,apple of the eye    চোখের আপেল,,11,2580
眩,dizzy    মাথা ঘোরা,,10,2581
瞭,obvious    স্পষ্ট,,17,2582
眉,eyebrow    ভ্রু,,9,2583
雉,pheasant    তিতির,,13,2584
矩,carpenter's square    ছুতার স্কোয়ার,,10,2585
磐,crag    ক্র্যাগ,,15,2586
碇,grapnel    গ্রাপনেল,,13,2587
碧,blue-green    নীল-সবুজ,,14,2588
硯,inkstone    কালি পাথর,,12,2589
砥,grindstone    grindstone,,10,2590
碗,teacup    চা কাপ,,13,2591
碍,obstacle    বাধা,,13,2592
碩,illustrious    খ্যাতিমান,,14,2593
磯,rocky beach    পাথুরে সৈকত,,17,2594
砺,whetstone    whetstone,,10,2595
碓,mill    কল,,13,2596
禦,fend off    বন্ধ করা,,17,2597
祷,beseech    মিনতি,,19,2598
祐,ancestral tablet    পৈতৃক ট্যাবলেট,,9,2599
祇,local god    স্থানীয় দেবতা,,8,2600
祢,ancestral shrine    পৈতৃক মন্দির,,9,2601
禄,salarium    বেতন,,12,2602
禎,felicitation    অভিনন্দন,,13,2603
秤,balancing scales    ভারসাম্যের দাঁড়িপাল্লা,,10,2604
黍,millet    বাজরা,,12,2605
禿,bald    টাক,,7,2606
稔,bear fruit    ফল বহন,,13,2607
稗,crabgrass    ক্র্যাবগ্রাস,,13,2608
穣,bumper crop    বাম্পার ফসল,,18,2609
稜,imperial authority    সাম্রাজ্যিক কর্তৃত্ব,,13,2610
稀,sparse    sparse,,12,2611
穆,obeisant    অনুগত,,16,2612
窺,peep    উঁকি,,16,2613
窄,tight    টাইট,,10,2614
窟,cavern    গুহা,,13,2615
穿,drill    ড্রিল,,9,2616
竃,kitchen stove    রান্নাঘরের চুলা,,17,2617
竪,longness    দীর্ঘতা,,14,2618
颯,rustling    rustling,,14,2619
站,outpost    ফাঁড়ি,,10,2620
靖,repose    বিশ্রাম,,13,2621
妾,concubine    উপপত্নী,,8,2622
衿,lapel    ল্যাপেল,,9,2623
裾,hem    হেম,,14,2624
袷,lined kimono    রেখাযুক্ত কিমোনো,,11,2625
袴,pleated skirt    pleated স্কার্ট,,11,2626
襖,sliding door    স্লাইডিং দরজা,,18,2627
笙,Chinese panpipe    চাইনিজ প্যানপাইপ,,11,2628
筏,raft    ভেলা,,12,2629
簾,bamboo blinds    বাঁশের খড়খড়ি,,19,2630
箪,rattan box    বেতের বাক্স,,15,2631
竿,pole    খুঁটি,,9,2632
箆,spatula    স্প্যাটুলা,,14,2633
箔,foil    ফয়েল,,14,2634
笥,wardrobe    পোশাক,,11,2635
箭,arrow shaft    তীর খাদ,,15,2636
筑,ancient harp    প্রাচীন বীণা,,12,2637
篭,cage    খাঁচা,,16,2638
篠,slender bamboo    সরু বাঁশ,,17,2639
箸,chopsticks    চপস্টিকস,,15,2640
纂,redaction    সংশোধন,,20,2641
竺,bamboo cane    বাঁশ বেত,,8,2642
箕,winnowing fan    বিজয়ী পাখা,,14,2643
笈,backpack    ব্যাকপ্যাক,,9,2644
篇,livraison    livraison,,15,2645
筈,should    উচিত,,12,2646
簸,winnow    winnow,,19,2647
粕,settlings    বসতি,,11,2648
糟,lees    লিস,,17,2649
糊,paste    পেস্ট,,15,2650
籾,unhulled rice    unhulled চাল,,9,2651
糠,rice bran    ধানের তুষ,,17,2652
糞,excrement    মলমূত্র,,17,2653
粟,foxtail millet    foxtail বাজরা,,12,2654
繋,link up    লিঙ্ক আপ,,19,2655
綸,twine    সুতা,,14,2656
絨,carpet yarn    কার্পেট সুতা,,12,2657
絆,ties    বন্ধন,,11,2658
緋,scarlet    লাল,,14,2659
綜,synthesis    সংশ্লেষণ,,14,2660
紐,string    স্ট্রিং,,10,2661
紘,chinstrap    চিনস্ট্র্যাপ,,10,2662
纏,summarize    সংক্ষিপ্ত করা,,21,2663
絢,gorgeous    চমত্কার,,12,2664
繍,embroidery    সূচিকর্ম,,17,2665
紬,pongee    পঞ্জি,,11,2666
綺,ornate    অলঙ্কৃত,,14,2667
綾,damask    damask,,14,2668
絃,catgut    catgut,,11,2669
綻,come apart at the seams    seams এ পৃথক আসা,,14,2670
縞,stripe    ডোরাকাটা,,16,2671
綬,gimp    জিম্প,,14,2672
紗,gossamer    গোসামার,,10,2673
舵,rudder    রডার,,11,2674
舷,gunwale    gunwale,,11,2675
聯,strung together    একত্রিত,,17,2676
聡,attentive    মনোযোগী,,14,2677
聘,summons    সমন,,13,2678
耽,addiction    আসক্তি,,10,2679
耶,exclamation    বিস্ময়বোধ,,9,2680
蚤,flea    flea,,10,2681
蟹,crab    কাঁকড়া,,19,2682
蛋,protein    প্রোটিন,,11,2683
蟄,hibernation    হাইবারনেশন,,17,2684
蝿,housefly    ঘরের মাছি,,15,2685
蟻,ant    পিপীলিকা,,19,2686
蜂,bee    মৌমাছি,,13,2687
蝋,wax    মোম,,14,2688
蝦,shrimp    চিংড়ি,,15,2689
蛸,octopus    অক্টোপাস,,13,2690
螺,screw    স্ক্রু,,17,2691
蝉,cicada    সিকাডা,,10,2692
蛙,frog    ব্যাঙ,,12,2693
蛾,moth    মথ,,13,2694
蛤,clam    ক্ল্যাম,,12,2695
蛭,leech    জোঁক,,12,2696
蛎,oyster    ঝিনুক,,11,2697
罫,ruled lines    শাসিত লাইন,,13,2698
罵,insult    অপমান,,16,2699
袈,stole    চুরি,,11,2700
裟,monk's sash    সন্ন্যাসীর স্যাশ,,13,2701
戴,accept humbly    বিনীতভাবে গ্রহণ করুন,,18,2702
截,incision    ছেদ,,14,2703
哉,I wonder    আমি আশ্চর্য,,9,2704
詢,counsel    পরামর্শ,,13,2705
諄,polite    ভদ্র,,15,2706
讐,vendetta    প্রতিহিংসা,,23,2707
諌,remonstrate    প্রতিফলন,,15,2708
謎,riddle    ধাঁধা,,16,2709
諒,verify    যাচাই,,15,2710
讃,compliment    প্রশংসা,,22,2711
誰,who?    WHO?,,15,2712
訊,query    প্রশ্ন,,10,2713
訣,split up    বিভক্ত করা,,11,2714
詣,visit a shrine    একটি মাজার পরিদর্শন করুন,,13,2715
諦,give up    ছেড়ে দেওয়া,,16,2716
詮,elucidate    ব্যাখ্যা করা,,13,2717
詑,prevarication    পূর্বাবস্থা,,12,2718
誼,familiarity    পরিচিতি,,15,2719
謬,fallible    ভুল,,18,2720
詫,beg pardon    ক্ষমা প্রার্থনা,,13,2721
諏,advise    পরামর্শ,,15,2722
諺,proverb    প্রবাদ,,16,2723
誹,slander    অপবাদ,,15,2724
謂,so-called    তথাকথিত,,16,2725
諜,secret agent    গোপন এজেন্ট,,16,2726
註,footnote    পাদটীকা,,12,2727
譬,parable    দৃষ্টান্ত,,20,2728
轟,rumble    গর্জন,,21,2729
輔,reinforce    শক্তিশালী করা,,14,2730
輻,spoke    বক্তৃতা,,16,2731
輯,assemble    জড়ো করা,,16,2732
貌,countenance    মুখ,,14,2733
豹,panther    প্যান্থার,,10,2734
賎,despicable    ঘৃণ্য,,13,2735
貼,affix    সংযুক্ত করা,,12,2736
貰,get    পেতে,,12,2737
賂,graft    কলম,,13,2738
賑,bustling    হৈচৈ,,14,2739
躓,stumble    হোঁচট খাওয়া,,22,2740
蹄,hoof    খুর,,16,2741
蹴,kick    লাথি,,19,2742
蹟,vestiges    অবশেষ,,18,2743
跨,straddle    straddle,,13,2744
跪,kneel    নতজানু,,13,2745
醤,soy sauce    সয়া সস,,17,2746
醍,whey    হুই,,16,2747
酎,hooch    হুচ,,10,2748
醐,ghee    ঘি,,16,2749
醒,awakening    জাগরণ,,16,2750
醇,strong saké    শক্তিশালী saké,,15,2751
麺,noodles    নুডলস,,16,2752
麹,malt    মাল্ট,,15,2753
釦,button    বোতাম,,11,2754
銚,keg    পিপা,,14,2755
鋤,plow    লাঙ্গল,,14,2756
鍋,pot    পাত্র,,17,2757
鏑,arrowhead    তীরের মাথা,,19,2758
鋸,handsaw    হ্যান্ডস,,16,2759
錐,awl    awl,,16,2760
鍵,key    চাবি,,17,2761
鍬,hoe    কোদাল,,17,2762
鋲,rivet    রিভেট,,15,2763
錫,tin    টিন,,16,2764
錨,anchor    নোঙ্গর,,16,2765
釘,nail    পেরেক,,10,2766
鑓,javelin    জ্যাভলিন,,21,2767
鋒,sword's point    তরবারির বিন্দু,,15,2768
鎚,hammer    হাতুড়ি,,17,2769
鉦,carillion    carillion,,13,2770
錆,rust    মরিচা,,16,2771
鍾,cluster    ক্লাস্টার,,17,2772
鋏,scissors    কাঁচি,,15,2773
閃,flash    ফ্ল্যাশ,,10,2774
悶,agony    যন্ত্রণা,,12,2775
閤,side gate    পাশের গেট,,14,2776
闇,pitch dark    পিচ অন্ধকার,,17,2777
雫,trickle    trickle,,11,2778
霞,haze    কুয়াশা,,17,2779
翰,quill    কুইল,,16,2780
斡,auspices    উপাসনা,,14,2781
鞍,saddle    জিন,,15,2782
鞭,whip    চাবুক,,18,2783
鞘,saddle straps    স্যাডল স্ট্র্যাপ,,16,2784
鞄,briefcase    ব্রিফকেস,,14,2785
靭,pliable    নমনীয়,,12,2786
鞠,terminate    শেষ করা,,17,2787
頓,immediate    অবিলম্বে,,13,2788
顛,overturn    উল্টানো,,19,2789
穎,brush tip    ব্রাশের টিপ,,16,2790
頃,about that time    সেই সময় সম্পর্কে,,11,2791
頬,cheek    গাল,,15,2792
頗,exceedingly    অত্যন্ত,,14,2793
頌,accolade    প্রশংসা,,13,2794
顎,chin    চিবুক,,18,2795
頚,neck and throat    ঘাড় এবং গলা,,14,2796
餌,feed    খাওয়ানো,,14,2797
餐,repast    repast,,16,2798
饗,feast    ভোজ,,22,2799
蝕,eclipse    গ্রহন,,14,2800
飴,sweets    মিষ্টি,,13,2801
餅,mochi    মোচি,,14,2802
駕,stretcher    স্ট্রেচার,,15,2803
騨,piebald    পাইবল্ড,,19,2804
馳,rush    তাড়াহুড়ো,,13,2805
騙,cheat    প্রতারণা,,19,2806
馴,tame    tame,,13,2807
駁,rebuttal    খণ্ডন,,14,2808
駈,gallop    গলপ,,15,2809
驢,donkey    গাধা,,26,2810
鰻,eel    ঈল,,22,2811
鯛,sea bream    সমুদ্র ব্রীম,,19,2812
鰯,sardine    সার্ডিন,,21,2813
鱒,trout    ট্রাউট,,23,2814
鮭,salmon    সালমন,,17,2815
鮪,tuna    টুনা,,17,2816
鮎,sweet smelt    মিষ্টি গন্ধ,,16,2817
鯵,horse mackerel    ঘোড়া ম্যাকেরেল,,19,2818
鱈,cod    কড,,22,2819
鯖,mackerel    ম্যাকারেল,,19,2820
鮫,shark    হাঙ্গর,,17,2821
鰹,bonito    বোনটো,,22,2822
鰍,bullhead    ষাঁড়,,20,2823
鰐,alligator    অ্যালিগেটর,,20,2824
鮒,crucian    crucian,,16,2825
鮨,sushi    সুশি,,17,2826
鰭,fish fin    মাছের পাখনা,,21,2827
鴎,seagull    seagull,,14,2828
鵬,roc    roc,,19,2829
鸚,parakeet    প্যারাকিট,,28,2830
鵡,parrot    তোতাপাখি,,19,2831
鵜,cormorant    cormorant,,18,2832
鷺,heron    বগলা,,24,2833
鷲,eagle    ঈগল,,23,2834
鴨,wild duck    বন্য হাঁস,,16,2835
鳶,kite falcon    ঘুড়ি ফ্যালকন,,14,2836
梟,owl    পেঁচা,,11,2837
塵,dust    ধুলো,,14,2838
麓,foot of a mountain    একটি পাহাড়ের পাদদেশ,,19,2839
麒,giraffe    জিরাফ,,19,2840
冥,Hades    হেডিস,,10,2841
瞑,close the eyes    চোখ বন্ধ করুন,,15,2842
暝,murky    অস্পষ্ট,,14,2843
坐,sitting in mediation    মধ্যস্থতায় বসা,,7,2844
挫,sprain    মোচ,,11,2845
朔,first day of the month    মাসের প্রথম দিন,,10,2846
遡,go upstream    উজানে যান,,14,2847
曳,drag    টানুন,,7,2848
洩,dribble out    ড্রিবল আউট,,9,2849
彗,comet    ধূমকেতু,,11,2850
慧,astute    চতুর,,15,2851
嘉,applaud    করতালি,,14,2852
兇,evil    মন্দ,,6,2853
兜,helmet    শিরস্ত্রাণ,,11,2854
爽,bracing    ব্রেসিং,,11,2855
欝,depressed    বিষণ্ণ,,25,2856
劫,kalpa    কল্প,,7,2857
勃,erection    ইমারত,,9,2858
歎,bemoan    শোক,,14,2859
輿,palanquin    পালকি,,17,2860
巽,southeast    দক্ষিণ-পূর্ব,,12,2861
歪,warped    বিকৃত,,9,2862
翠,jade green    জেড সবুজ,,14,2863
黛,blue-black    নীল-কালো,,16,2864
鼎,tripod    ট্রিপড,,13,2865
鹵,rocksalt    রকসল্ট,,11,2866
鹸,lye    lye,,19,2867
虔,reserved    সংরক্ষিত,,10,2868
燕,swallow    গিলে ফেলা,,16,2869
嘗,lick    চাটা,,14,2870
殆,almost    প্রায়,,9,2871
孟,start    শুরু,,8,2872
牌,mahjong tiles    মাহজং টাইলস,,12,2873
骸,remains    অবশেষ,,16,2874
覗,peek    উঁকি,,12,2875
彪,mottled    মটল,,11,2876
秦,Manchu dynasty    মাঞ্চু রাজবংশ,,10,2877
雀,sparrow    চড়ুই,,11,2878
隼,peregrine falcon    peregrine falcon,,10,2879
耀,shimmering    ঝিলমিল,,20,2880
夷,ebisu    ebisu,,6,2881
戚,relatives    আত্মীয়,,11,2882
嚢,cyst    সিস্ট,,22,2883
丼,domburi    ডোম্বুরি,,5,2884
暢,carefree    চিন্তামুক্ত,,14,2885
廻,circling    চক্কর,,9,2886
畿,capital suburbs    রাজধানী শহরতলির,,15,2887
欣,elation    উচ্ছ্বাস,,8,2888
毅,stalwart    অটল,,15,2889
斯,this    এই,,12,2890
匙,wooden spoon    কাঠের চামচ,,11,2891
匡,set straight    সোজা সেট,,6,2892
肇,founding    প্রতিষ্ঠা,,14,2893
麿,Utamaro    উটামারো,,18,2894
叢,conglomerate    সমষ্টি,,18,2895
肴,entreat    অনুরোধ করা,,8,2896
斐,symmetrically patterned    প্রতিসম প্যাটার্নযুক্ত,,12,2897
卿,magistrate    ম্যাজিস্ট্রেট,,12,2898
翫,fiddle with    সঙ্গে বেহালা,,15,2899
於,within    ভিতরে,,8,2900
套,hackneyed    হ্যাকনিড,,10,2901
叛,rebellion    বিদ্রোহ,,9,2902
尖,sharp point    তীক্ষ্ণ বিন্দু,,6,2903
壷,crock    ক্রক,,11,2904
叡,sapience    বিচক্ষণতা,,16,2905
酋,chieftain    প্রধান,,9,2906
鴬,nightingale    নাইটিঙ্গেল,,16,2907
赫,incandescent    ভাস্বর,,14,2908
臥,supinate    supinate,,9,2909
甥,nephew    ভাতিজা,,13,2910
瓢,gourd    লাউ,,17,2911
琵,biwa    biwa,,12,2912
琶,lute    লুট,,12,2913
叉,forked    কাঁটাযুক্ত,,3,2914
舜,rose of Sharon    শ্যারনের গোলাপ,,13,2915
畠,dry field    শুকনো মাঠ,,10,2916
拳,fist    মুষ্টি,,10,2917
圃,vegetable patch    উদ্ভিজ্জ প্যাচ,,10,2918
丞,helping hand    সাহায্যের হাত,,6,2919
亮,translucent    স্বচ্ছ,,9,2920
胤,blood relative    রক্তের আপেক্ষিক,,9,2921
疏,transcription    প্রতিলিপি,,12,2922
膏,ointment    মলম,,14,2923
魁,pioneer    অগ্রগামী,,14,2924
馨,ambrosial    অ্যামব্রোসিয়াল,,20,2925
牒,label    লেবেল,,13,2926
瞥,glimpse    আভাস,,17,2927
阜,large hill    বড় পাহাড়,,8,2928
睾,testicle    অণ্ডকোষ,,14,2929
巫,sorceress    যাদুকর,,7,2930
敦,empathetic    সহানুভূতিশীল,,12,2931
奎,Andromeda    এন্ড্রোমিডা,,9,2932
翔,soar    উড্ডয়ন,,12,2933
皓,beaming    বিমিং,,12,2934
黎,tenebrous    টেনেব্রাস,,15,2935
赳,bold    সাহসী,,10,2936
已,stop short    সংক্ষিপ্ত থামা,,3,2937
棘,thornbush    কাঁটাঝোপ,,12,2938
聚,crowd    ভিড়,,14,2939
甦,resucitate    পুনরুজ্জীবিত করা,,12,2940
剪,pruning    ছাঁটাই,,11,2941
躾,upbringing    লালনপালন,,16,2942
夥,plentiful    প্রচুর,,14,2943
鼾,snore    নাক ডাকা,,17,2944
祟,cast a spell    একটি বানান নিক্ষেপ,,10,2945
粁,kilometer    কিলোমিটার,,9,2946
糎,centimeter    সেন্টিমিটার,,15,2947
粍,millimeter    মিলিমিটার,,10,2948
噸,ton    টন,,16,2949
哩,mile    মাইল,,10,2950
浬,nautical mile    নটিক্যাল মাইল,,10,2951
吋,inch    ইঞ্চি,,6,2952
呎,feet    ফুট,,7,2953
梵,brahman    ব্রাহ্মণ,,11,2954
陀,Shakyamuni Buddha    শাক্যমুনি বুদ্ধ,,8,2955
薩,bodhisattva    বোধিসত্ত্ব,,16,2956
菩,bo tree    বো গাছ,,11,2957
唖,babble    বকাবকি,,10,2958
迦,Sanskrit ka    সংস্কৃত কা,,7,2959
那,interrogative    জিজ্ঞাসাবাদমূলক,,6,2960
牟,moo    moo,,6,2961
珈,jeweled hairpin    রত্নখচিত হেয়ারপিন,,9,2962
琲,beaded hairpin    জপমালা,,12,2963
檜,Japanese cypress [old]    জাপানি সাইপ্রেস [পুরানো],,17,2964
轡,bridle's bit    লাগাম এর বিট,,22,2965
淵,abyss [old]    অতল [পুরানো],,12,2966
伍,V    ভি,,6,2967
什,X    এক্স,,4,2968
萬,ten thousand [old]    দশ হাজার [পুরানো],,12,2969
邁,pass through    মাধ্যমে পাস,,15,2970
逞,tough    কঠিন,,9,2971
燈,lamp [old]    বাতি [পুরানো],,16,2972
裡,back [old]    ফিরে [পুরানো],,12,2973
薗,park [alternate]    পার্ক [বিকল্প],,16,2974
鋪,shop [alternate]    দোকান [বিকল্প],,15,2975
嶋,island [alternate]    দ্বীপ [বিকল্প],,14,2976
峯,summit [alternate]    সামিট [বিকল্প],,10,2977
巌,boulder [old]    বোল্ডার [পুরানো],,20,2978
埜,plains [old]    সমতল [পুরানো],,11,2979
舘,Bldg. [old]    Bldg. [পুরনো],,16,2980
龍,dragon [old]    ড্রাগন [পুরানো],,16,2981
寵,patronage    পৃষ্ঠপোষকতা,,19,2982
聾,deafness    বধিরতা,,22,2983
慾,longing [old]    আকাঙ্ক্ষা [পুরানো],,15,2984
亙,span [old]    স্প্যান [পুরানো],,6,2985
躯,body [old]    শরীর [পুরানো],,11,2986
嶽,Point [old]    বিন্দু [পুরানো],,17,2987
國,country [old]    দেশ [পুরনো],,11,2988
脛,shin    শিন,,11,2989
勁,formidable    শক্তিশালী,,9,2990
箋,stationary    নিশ্চল,,14,2991
祀,enshrine    enshrine,,8,2992
祓,exorcism    exorcism,,10,2993
躇,dither    বিকার,,19,2994
壽,longevity [old]    দীর্ঘায়ু [পুরাতন],,14,2995
躊,hesitate    দ্বিধা,,21,2996
彙,glossary    শব্দকোষ,,13,2997
饅,bean jam    শিম জ্যাম,,20,2998
嘔,retch    রেচ,,14,2999
鼈,snapping turtle    স্ন্যাপিং কচ্ছপ,,25,3000
亨,go smoothly    মসৃণভাবে যান,,7,3001
侑,condone    ক্ষমা করা,,8,3002
梧,parasol tree    প্যারাসল গাছ,,11,3003
欽,circumspect    সতর্ক,,12,3004
煕,cheer    উল্লাস,,13,3005
而,and then    এবং তারপর,,6,3006
掟,mandate    আদেশ,,11,3007